2014/4/10 9:28,227.91
2014/4/10 9:28,226.43
2014/4/10 9:28,226.43
2014/4/10 9:28,226.66
2014/4/10 9:28,227.11
2014/4/10 9:28,226.7
2014/4/10 9:28,228.26
2014/4/10 9:28,228.47
2014/4/10 9:28,228.11
2014/4/10 9:28,229.2
2014/4/10 9:28,228.77
2014/4/10 9:28,228.76
2014/4/10 9:28,228.62
2014/4/10 9:28,229.64
2014/4/10 9:28,228.52
2014/4/10 9:28,228.9
2014/4/10 9:28,229.31
2014/4/10 9:28,230.48
2014/4/10 9:28,230.48
2014/4/10 9:28,229.35
2014/4/10 9:28,229.62
2014/4/10 9:28,229.23
2014/4/10 9:28,229.74
2014/4/10 9:28,229.17
2014/4/10 9:28,229.78
2014/4/10 9:28,229.03
2014/4/10 9:28,229.43
2014/4/10 9:28,230.3
2014/4/10 9:29,0
2014/4/10 9:29,230.3
2014/4/10 9:29,230.25
2014/4/10 9:29,229.47
2014/4/10 9:29,231.49
2014/4/10 9:29,231.49
2014/4/10 9:29,230.32
2014/4/10 9:29,230.33
2014/4/10 9:29,230.86
2014/4/10 9:29,230.45
2014/4/10 9:29,231.06
2014/4/10 9:29,230.94
2014/4/10 9:29,230.84
2014/4/10 9:29,230.44
2014/4/10 9:29,230.4
2014/4/10 9:29,230.63
2014/4/10 9:29,230.29
2014/4/10 9:29,230.91
2014/4/10 9:29,230.34
2014/4/10 9:29,230.75
2014/4/10 9:29,222.89
2014/4/10 9:29,209.52
2014/4/10 9:29,231.42
2014/4/10 9:29,231.95
2014/4/10 9:29,231.91
2014/4/10 9:29,232.51
2014/4/10 9:29,231.54
2014/4/10 9:29,230.55
2014/4/10 9:29,231.13
2014/4/10 9:29,233.1
2014/4/10 9:29,230.97
2014/4/10 9:29,235.96
2014/4/10 9:29,231.8
2014/4/10 9:29,232.11
2014/4/10 9:29,231.66
2014/4/10 9:29,232.28
2014/4/10 9:29,231.85
2014/4/10 9:29,232.17
2014/4/10 9:29,232.17
2014/4/10 9:29,231.06
2014/4/10 9:29,231.06
2014/4/10 9:29,232.11
2014/4/10 9:29,232.05
2014/4/10 9:29,232.27
2014/4/10 9:29,232.18
2014/4/10 9:29,233.68
2014/4/10 9:29,233.09
2014/4/10 9:29,232.4
2014/4/10 9:29,232
2014/4/10 9:29,232.38
2014/4/10 9:29,232.9
2014/4/10 9:29,232.43
2014/4/10 9:29,232
2014/4/10 9:29,232.53
2014/4/10 9:29,232.2
2014/4/10 9:29,232.2
2014/4/10 9:29,232.55
2014/4/10 9:29,232.44
2014/4/10 9:29,233.4
2014/4/10 9:29,233
2014/4/10 9:30,232.79
2014/4/10 9:30,233.09
2014/4/10 9:30,232.71
2014/4/10 9:30,232.03
2014/4/10 9:30,233.96
2014/4/10 9:30,233.72
2014/4/10 9:30,233.03
2014/4/10 9:30,232.54
2014/4/10 9:30,233.28
2014/4/10 9:30,232.78
2014/4/10 9:30,233.32
2014/4/10 9:30,233.31
2014/4/10 9:30,232.49
2014/4/10 9:30,232.49
2014/4/10 9:30,230.83
2014/4/10 9:30,230.83
2014/4/10 9:30,232.61
2014/4/10 9:30,233.78
2014/4/10 9:30,233.06
2014/4/10 9:30,232.6
2014/4/10 9:30,233.84
2014/4/10 9:30,233.26
2014/4/10 9:30,233.7
2014/4/10 9:30,234.24
2014/4/10 9:30,234.43
2014/4/10 9:30,235.23
2014/4/10 9:30,233.72
2014/4/10 9:30,233.08
2014/4/10 9:30,233.48
2014/4/10 9:30,233.67
2014/4/10 9:30,237.11
2014/4/10 9:30,233.91
2014/4/10 9:30,233.91
2014/4/10 9:30,233.59
2014/4/10 9:30,234.09
2014/4/10 9:30,234.24
2014/4/10 9:30,234.04
2014/4/10 9:30,233.88
2014/4/10 9:30,234.47
2014/4/10 9:30,233.76
2014/4/10 9:30,234.06
2014/4/10 9:30,234.05
2014/4/10 9:30,234.06
2014/4/10 9:30,233.89
2014/4/10 9:30,234.01
2014/4/10 9:30,234.08
2014/4/10 9:30,234.08
2014/4/10 9:30,233.52
2014/4/10 9:30,233.52
2014/4/10 9:30,233.69
2014/4/10 9:30,233.73
2014/4/10 9:30,233.58
2014/4/10 9:30,233.93
2014/4/10 9:30,234.61
2014/4/10 9:30,234.9
2014/4/10 9:30,234.59
2014/4/10 9:30,234.73
2014/4/10 9:30,234.77
2014/4/10 9:30,233.8
2014/4/10 9:30,234.45
2014/4/10 9:31,235.06
2014/4/10 9:31,234.62
2014/4/10 9:31,234.42
2014/4/10 9:31,234.55
2014/4/10 9:31,234.33
2014/4/10 9:31,234.52
2014/4/10 9:31,234.52
2014/4/10 9:31,216.25
2014/4/10 9:31,227.52
2014/4/10 9:31,234.76
2014/4/10 9:31,234
2014/4/10 9:31,235.23
2014/4/10 9:31,234.27
2014/4/10 9:31,234.01
2014/4/10 9:31,235.33
2014/4/10 9:31,234.62
2014/4/10 9:31,234.68
2014/4/10 9:31,234.72
2014/4/10 9:31,234.4
2014/4/10 9:31,234.42
2014/4/10 9:31,234.91
2014/4/10 9:31,234.66
2014/4/10 9:31,235.21
2014/4/10 9:31,235.21
2014/4/10 9:31,235.31
2014/4/10 9:31,236.19
2014/4/10 9:31,235.55
2014/4/10 9:31,234.92
2014/4/10 9:31,235.06
2014/4/10 9:31,235
2014/4/10 9:31,235.39
2014/4/10 9:31,235.29
2014/4/10 9:31,240.11
2014/4/10 9:31,234.89
2014/4/10 9:31,235
2014/4/10 9:31,235.15
2014/4/10 9:31,235.02
2014/4/10 9:31,235.49
2014/4/10 9:31,235.06
2014/4/10 9:31,235.06
2014/4/10 9:31,235.6
2014/4/10 9:31,235.6
2014/4/10 9:31,234.74
2014/4/10 9:31,235.6
2014/4/10 9:31,235.57
2014/4/10 9:31,236.49
2014/4/10 9:31,235.21
2014/4/10 9:31,247.31
2014/4/10 9:31,233.96
2014/4/10 9:31,235.31
2014/4/10 9:31,235.83
2014/4/10 9:31,234.94
2014/4/10 9:31,235.69
2014/4/10 9:31,235.61
2014/4/10 9:31,236.41
2014/4/10 9:31,235.77
2014/4/10 9:31,235.67
2014/4/10 9:31,235.67
2014/4/10 9:31,235.01
2014/4/10 9:31,236.24
2014/4/10 9:32,220.69
2014/4/10 9:32,221.83
2014/4/10 9:32,235.96
2014/4/10 9:32,234.76
2014/4/10 9:32,236.33
2014/4/10 9:32,238.45
2014/4/10 9:32,235.74
2014/4/10 9:32,235.81
2014/4/10 9:32,236.33
2014/4/10 9:32,234.87
2014/4/10 9:32,236.24
2014/4/10 9:32,236.57
2014/4/10 9:32,235.15
2014/4/10 9:32,235.15
2014/4/10 9:32,235.85
2014/4/10 9:32,235.9
2014/4/10 9:32,234.89
2014/4/10 9:32,236.09
2014/4/10 9:32,236.19
2014/4/10 9:32,235.29
2014/4/10 9:32,236.44
2014/4/10 9:32,236.11
2014/4/10 9:32,235.48
2014/4/10 9:32,235.85
2014/4/10 9:32,236.49
2014/4/10 9:32,237.8
2014/4/10 9:32,236.73
2014/4/10 9:32,235.72
2014/4/10 9:32,236.15
2014/4/10 9:32,236.15
2014/4/10 9:32,235.88
2014/4/10 9:32,237.95
2014/4/10 9:32,237.95
2014/4/10 9:32,237.88
2014/4/10 9:32,235.68
2014/4/10 9:32,236.72
2014/4/10 9:32,235.91
2014/4/10 9:32,235.69
2014/4/10 9:32,235.68
2014/4/10 9:32,236
2014/4/10 9:32,235.99
2014/4/10 9:32,236.23
2014/4/10 9:32,235.5
2014/4/10 9:32,236.15
2014/4/10 9:32,236.22
2014/4/10 9:32,237.7
2014/4/10 9:32,236.06
2014/4/10 9:32,236.72
2014/4/10 9:32,236.06
2014/4/10 9:32,236.15
2014/4/10 9:32,236.15
2014/4/10 9:32,235.99
2014/4/10 9:32,235.81
2014/4/10 9:32,236.36
2014/4/10 9:32,236.28
2014/4/10 9:32,236.34
2014/4/10 9:32,236.18
2014/4/10 9:32,233.28
2014/4/10 9:32,214.61
2014/4/10 9:32,236.91
2014/4/10 9:33,236.14
2014/4/10 9:33,0
2014/4/10 9:33,236.14
2014/4/10 9:33,235.61
2014/4/10 9:33,235.61
2014/4/10 9:33,236.14
2014/4/10 9:33,236.4
2014/4/10 9:33,236.4
2014/4/10 9:33,237.11
2014/4/10 9:33,236.98
2014/4/10 9:33,236.63
2014/4/10 9:33,236.6
2014/4/10 9:33,236.07
2014/4/10 9:33,235.11
2014/4/10 9:33,236.72
2014/4/10 9:33,236.32
2014/4/10 9:33,236.34
2014/4/10 9:33,236.4
2014/4/10 9:33,235.57
2014/4/10 9:33,236.07
2014/4/10 9:33,236.67
2014/4/10 9:33,236.02
2014/4/10 9:33,237.07
2014/4/10 9:33,235.76
2014/4/10 9:33,235.76
2014/4/10 9:33,238.13
2014/4/10 9:33,236.83
2014/4/10 9:33,236.29
2014/4/10 9:33,235.95
2014/4/10 9:33,236.2
2014/4/10 9:33,236.55
2014/4/10 9:33,0
2014/4/10 9:33,0
2014/4/10 9:33,0
2014/4/10 9:33,0
2014/4/10 9:33,0
2014/4/10 9:33,0
2014/4/10 9:33,0
2014/4/10 9:33,0
2014/4/10 9:33,0
2014/4/10 9:33,0
2014/4/10 9:33,0
2014/4/10 9:33,234.06
2014/4/10 9:33,234.73
2014/4/10 9:33,234.87
2014/4/10 9:33,235.61
2014/4/10 9:33,235.54
2014/4/10 9:33,235.53
2014/4/10 9:33,235.34
2014/4/10 9:33,235.02
2014/4/10 9:33,235.18
2014/4/10 9:33,234.53
2014/4/10 9:33,235.17
2014/4/10 9:33,235.17
2014/4/10 9:33,235.16
2014/4/10 9:33,235.36
2014/4/10 9:33,235.4
2014/4/10 9:33,235.33
2014/4/10 9:33,234.86
2014/4/10 9:33,235.17
2014/4/10 9:34,235.1
2014/4/10 9:34,235.41
2014/4/10 9:34,235.36
2014/4/10 9:34,234.71
2014/4/10 9:34,225.08
2014/4/10 9:34,220.24
2014/4/10 9:34,235.28
2014/4/10 9:34,235.48
2014/4/10 9:34,236.01
2014/4/10 9:34,235.25
2014/4/10 9:34,236.21
2014/4/10 9:34,236.21
2014/4/10 9:34,236.12
2014/4/10 9:34,236.12
2014/4/10 9:34,235.07
2014/4/10 9:34,236.03
2014/4/10 9:34,235.67
2014/4/10 9:34,235.17
2014/4/10 9:34,234.81
2014/4/10 9:34,235.21
2014/4/10 9:34,234.93
2014/4/10 9:34,235.68
2014/4/10 9:34,235.88
2014/4/10 9:34,236.05
2014/4/10 9:34,236.05
2014/4/10 9:34,236.99
2014/4/10 9:34,236.13
2014/4/10 9:34,235.16
2014/4/10 9:34,235.33
2014/4/10 9:34,235.02
2014/4/10 9:34,236.8
2014/4/10 9:34,235.73
2014/4/10 9:34,239.6
2014/4/10 9:34,235.73
2014/4/10 9:34,236.27
2014/4/10 9:34,235.47
2014/4/10 9:34,235.86
2014/4/10 9:34,235.64
2014/4/10 9:34,235.94
2014/4/10 9:34,236.37
2014/4/10 9:34,236.78
2014/4/10 9:34,236.78
2014/4/10 9:34,235.84
2014/4/10 9:34,236.07
2014/4/10 9:34,236.13
2014/4/10 9:34,237.09
2014/4/10 9:34,236.33
2014/4/10 9:34,235.89
2014/4/10 9:34,235.25
2014/4/10 9:34,235.41
2014/4/10 9:34,235.39
2014/4/10 9:34,235.61
2014/4/10 9:34,236.31
2014/4/10 9:34,236.69
2014/4/10 9:34,235.56
2014/4/10 9:34,235.54
2014/4/10 9:34,235.98
2014/4/10 9:34,235.83
2014/4/10 9:34,235.83
2014/4/10 9:34,236.34
2014/4/10 9:35,236.23
2014/4/10 9:35,236.29
2014/4/10 9:35,211.1
2014/4/10 9:35,235.96
2014/4/10 9:35,236.82
2014/4/10 9:35,236.82
2014/4/10 9:35,236.16
2014/4/10 9:35,236.23
2014/4/10 9:35,235.69
2014/4/10 9:35,236.39
2014/4/10 9:35,235.41
2014/4/10 9:35,235.26
2014/4/10 9:35,235.67
2014/4/10 9:35,235.79
2014/4/10 9:35,236.37
2014/4/10 9:35,236.11
2014/4/10 9:35,235.93
2014/4/10 9:35,235.93
2014/4/10 9:35,235.32
2014/4/10 9:35,236.32
2014/4/10 9:35,236
2014/4/10 9:35,236
2014/4/10 9:35,236.18
2014/4/10 9:35,235.83
2014/4/10 9:35,237.35
2014/4/10 9:35,235.46
2014/4/10 9:35,235.52
2014/4/10 9:35,236.47
2014/4/10 9:35,236.56
2014/4/10 9:35,235.92
2014/4/10 9:35,236.18
2014/4/10 9:35,236.37
2014/4/10 9:35,238.55
2014/4/10 9:35,235.54
2014/4/10 9:35,235.54
2014/4/10 9:35,236.76
2014/4/10 9:35,236.31
2014/4/10 9:35,236.51
2014/4/10 9:35,236.1
2014/4/10 9:35,236.21
2014/4/10 9:35,236.21
2014/4/10 9:35,235.63
2014/4/10 9:35,235.83
2014/4/10 9:35,236.47
2014/4/10 9:35,238.36
2014/4/10 9:35,237.02
2014/4/10 9:35,236.18
2014/4/10 9:35,236.19
2014/4/10 9:35,236.79
2014/4/10 9:35,236.32
2014/4/10 9:35,236.32
2014/4/10 9:35,236.4
2014/4/10 9:35,236.64
2014/4/10 9:35,236.49
2014/4/10 9:35,236.46
2014/4/10 9:35,236.17
2014/4/10 9:35,236.21
2014/4/10 9:35,235.95
2014/4/10 9:35,231.27
2014/4/10 9:35,210.27
2014/4/10 9:36,236.53
2014/4/10 9:36,235.94
2014/4/10 9:36,235.61
2014/4/10 9:36,237.89
2014/4/10 9:36,238.14
2014/4/10 9:36,236.3
2014/4/10 9:36,236.7
2014/4/10 9:36,236.7
2014/4/10 9:36,236.7
2014/4/10 9:36,236.29
2014/4/10 9:36,236.02
2014/4/10 9:36,236.55
2014/4/10 9:36,236.43
2014/4/10 9:36,236.56
2014/4/10 9:36,236.22
2014/4/10 9:36,236.48
2014/4/10 9:36,236.62
2014/4/10 9:36,235.64
2014/4/10 9:36,236.86
2014/4/10 9:36,236.02
2014/4/10 9:36,236.62
2014/4/10 9:36,236.82
2014/4/10 9:36,236.67
2014/4/10 9:36,236.57
2014/4/10 9:36,236.57
2014/4/10 9:36,238.59
2014/4/10 9:36,236.71
2014/4/10 9:36,236.18
2014/4/10 9:36,236.01
2014/4/10 9:36,236.05
2014/4/10 9:36,236.44
2014/4/10 9:36,236.5
2014/4/10 9:36,235.93
2014/4/10 9:36,237.63
2014/4/10 9:36,236.64
2014/4/10 9:36,236.57
2014/4/10 9:36,236.66
2014/4/10 9:36,236.56
2014/4/10 9:36,235.55
2014/4/10 9:36,236.31
2014/4/10 9:36,237.05
2014/4/10 9:36,236.43
2014/4/10 9:36,236.43
2014/4/10 9:36,236.71
2014/4/10 9:36,236.5
2014/4/10 9:36,238.47
2014/4/10 9:36,238.7
2014/4/10 9:36,236.08
2014/4/10 9:36,236.05
2014/4/10 9:36,236.72
2014/4/10 9:36,235.74
2014/4/10 9:36,236.4
2014/4/10 9:36,237.1
2014/4/10 9:36,236.99
2014/4/10 9:36,236.64
2014/4/10 9:36,237.52
2014/4/10 9:36,229.33
2014/4/10 9:36,218.58
2014/4/10 9:36,236.96
2014/4/10 9:36,236.96
2014/4/10 9:37,236.28
2014/4/10 9:37,236.07
2014/4/10 9:37,236.83
2014/4/10 9:37,235.89
2014/4/10 9:37,236.44
2014/4/10 9:37,236.21
2014/4/10 9:37,237.24
2014/4/10 9:37,236.73
2014/4/10 9:37,236.59
2014/4/10 9:37,236.64
2014/4/10 9:37,237.11
2014/4/10 9:37,236.25
2014/4/10 9:37,236.36
2014/4/10 9:37,237.21
2014/4/10 9:37,236.57
2014/4/10 9:37,236.84
2014/4/10 9:37,236.84
2014/4/10 9:37,236.52
2014/4/10 9:37,235.64
2014/4/10 9:37,237.24
2014/4/10 9:37,237.06
2014/4/10 9:37,237.06
2014/4/10 9:37,237.14
2014/4/10 9:37,236.84
2014/4/10 9:37,238.26
2014/4/10 9:37,236.55
2014/4/10 9:37,236.02
2014/4/10 9:37,236.15
2014/4/10 9:37,236.42
2014/4/10 9:37,236.37
2014/4/10 9:37,238.54
2014/4/10 9:37,236.92
2014/4/10 9:37,236.67
2014/4/10 9:37,237.59
2014/4/10 9:37,237.59
2014/4/10 9:37,239.52
2014/4/10 9:37,236.59
2014/4/10 9:37,237.17
2014/4/10 9:37,236.27
2014/4/10 9:37,236.27
2014/4/10 9:37,237.62
2014/4/10 9:37,235.93
2014/4/10 9:37,236.4
2014/4/10 9:37,237.31
2014/4/10 9:37,237.71
2014/4/10 9:37,237.23
2014/4/10 9:37,237.38
2014/4/10 9:37,236.22
2014/4/10 9:37,236.74
2014/4/10 9:37,237.15
2014/4/10 9:37,237.15
2014/4/10 9:37,235.9
2014/4/10 9:37,236.26
2014/4/10 9:37,237.01
2014/4/10 9:37,236.95
2014/4/10 9:37,221.11
2014/4/10 9:37,236.98
2014/4/10 9:37,237.41
2014/4/10 9:37,236.67
2014/4/10 9:37,236.31
2014/4/10 9:38,236.29
2014/4/10 9:38,236.52
2014/4/10 9:38,236.46
2014/4/10 9:38,237.89
2014/4/10 9:38,238.43
2014/4/10 9:38,236.32
2014/4/10 9:38,237.48
2014/4/10 9:38,237.05
2014/4/10 9:38,237.05
2014/4/10 9:38,236.42
2014/4/10 9:38,0
2014/4/10 9:38,236.42
2014/4/10 9:38,236.04
2014/4/10 9:38,236.71
2014/4/10 9:38,236.21
2014/4/10 9:38,236.58
2014/4/10 9:38,236.68
2014/4/10 9:38,236.53
2014/4/10 9:38,237.58
2014/4/10 9:38,237.1
2014/4/10 9:38,236.5
2014/4/10 9:38,236.78
2014/4/10 9:38,236.96
2014/4/10 9:38,236.94
2014/4/10 9:38,238.36
2014/4/10 9:38,235.65
2014/4/10 9:38,236.27
2014/4/10 9:38,237.23
2014/4/10 9:38,237.77
2014/4/10 9:38,237.32
2014/4/10 9:38,237.32
2014/4/10 9:38,237.65
2014/4/10 9:38,237.01
2014/4/10 9:38,236.92
2014/4/10 9:38,240.15
2014/4/10 9:38,236.31
2014/4/10 9:38,236.96
2014/4/10 9:38,236.66
2014/4/10 9:38,236.84
2014/4/10 9:38,237.56
2014/4/10 9:38,0
2014/4/10 9:38,0
2014/4/10 9:38,0
2014/4/10 9:38,0
2014/4/10 9:38,0
2014/4/10 9:38,0
2014/4/10 9:38,0
2014/4/10 9:38,0
2014/4/10 9:38,0
2014/4/10 9:38,0
2014/4/10 9:38,0
2014/4/10 9:38,127.62
2014/4/10 9:38,236.09
2014/4/10 9:38,235.45
2014/4/10 9:38,236.34
2014/4/10 9:38,235.67
2014/4/10 9:38,235.96
2014/4/10 9:38,235.93
2014/4/10 9:38,235.93
2014/4/10 9:38,236.35
2014/4/10 9:39,236.3
2014/4/10 9:39,236.16
2014/4/10 9:39,235.96
2014/4/10 9:39,226.13
2014/4/10 9:39,220.87
2014/4/10 9:39,237.08
2014/4/10 9:39,237.24
2014/4/10 9:39,236.54
2014/4/10 9:39,236.65
2014/4/10 9:39,236.65
2014/4/10 9:39,236.38
2014/4/10 9:39,235.79
2014/4/10 9:39,235.78
2014/4/10 9:39,236.81
2014/4/10 9:39,236.64
2014/4/10 9:39,236.64
2014/4/10 9:39,236.56
2014/4/10 9:39,236.56
2014/4/10 9:39,236.39
2014/4/10 9:39,236.1
2014/4/10 9:39,0
2014/4/10 9:39,236.1
2014/4/10 9:39,236.13
2014/4/10 9:39,236.55
2014/4/10 9:39,236.55
2014/4/10 9:39,238.49
2014/4/10 9:39,236.89
2014/4/10 9:39,236.64
2014/4/10 9:39,237.19
2014/4/10 9:39,236.82
2014/4/10 9:39,236
2014/4/10 9:39,237.15
2014/4/10 9:39,236.32
2014/4/10 9:39,236.32
2014/4/10 9:39,235.89
2014/4/10 9:39,236.78
2014/4/10 9:39,237.04
2014/4/10 9:39,236.31
2014/4/10 9:39,237.54
2014/4/10 9:39,236.8
2014/4/10 9:39,236.67
2014/4/10 9:39,236.48
2014/4/10 9:39,236.5
2014/4/10 9:39,236.35
2014/4/10 9:39,236.36
2014/4/10 9:39,237.6
2014/4/10 9:39,237.51
2014/4/10 9:39,236.93
2014/4/10 9:39,236.19
2014/4/10 9:39,237.12
2014/4/10 9:39,237.12
2014/4/10 9:39,237.13
2014/4/10 9:39,236.56
2014/4/10 9:39,236.48
2014/4/10 9:39,236.01
2014/4/10 9:39,236.48
2014/4/10 9:39,236.74
2014/4/10 9:39,236
2014/4/10 9:39,237.45
2014/4/10 9:39,237.03
2014/4/10 9:40,207.77
2014/4/10 9:40,237.85
2014/4/10 9:40,236.64
2014/4/10 9:40,236.6
2014/4/10 9:40,238.81
2014/4/10 9:40,238.52
2014/4/10 9:40,238.52
2014/4/10 9:40,236.16
2014/4/10 9:40,236.54
2014/4/10 9:40,236.48
2014/4/10 9:40,236.11
2014/4/10 9:40,236.71
2014/4/10 9:40,237.64
2014/4/10 9:40,236.76
2014/4/10 9:40,236.69
2014/4/10 9:40,236.69
2014/4/10 9:40,236.93
2014/4/10 9:40,236.58
2014/4/10 9:40,236.59
2014/4/10 9:40,236.9
2014/4/10 9:40,237.09
2014/4/10 9:40,236.9
2014/4/10 9:40,236.9
2014/4/10 9:40,236.87
2014/4/10 9:40,236.87
2014/4/10 9:40,237.54
2014/4/10 9:40,238.5
2014/4/10 9:40,236.65
2014/4/10 9:40,235.92
2014/4/10 9:40,236.96
2014/4/10 9:40,236.24
2014/4/10 9:40,237.37
2014/4/10 9:40,236.95
2014/4/10 9:40,236.98
2014/4/10 9:40,237.74
2014/4/10 9:40,236.55
2014/4/10 9:40,236.55
2014/4/10 9:40,237.47
2014/4/10 9:40,238.93
2014/4/10 9:40,236.16
2014/4/10 9:40,236.16
2014/4/10 9:40,236.83
2014/4/10 9:40,236.94
2014/4/10 9:40,237.07
2014/4/10 9:40,237.41
2014/4/10 9:40,237.49
2014/4/10 9:40,237.94
2014/4/10 9:40,236.99
2014/4/10 9:40,236.99
2014/4/10 9:40,236.65
2014/4/10 9:40,236.16
2014/4/10 9:40,236.31
2014/4/10 9:40,237.6
2014/4/10 9:40,237.94
2014/4/10 9:40,237.12
2014/4/10 9:40,237.48
2014/4/10 9:40,237.72
2014/4/10 9:40,237.72
2014/4/10 9:40,218.86
2014/4/10 9:40,229.71
2014/4/10 9:41,237.71
2014/4/10 9:41,236.99
2014/4/10 9:41,237.09
2014/4/10 9:41,237.99
2014/4/10 9:41,237.4
2014/4/10 9:41,237.7
2014/4/10 9:41,236.81
2014/4/10 9:41,237.08
2014/4/10 9:41,237.2
2014/4/10 9:41,236.03
2014/4/10 9:41,236.81
2014/4/10 9:41,237.22
2014/4/10 9:41,236.15
2014/4/10 9:41,237.37
2014/4/10 9:41,237.37
2014/4/10 9:41,236.63
2014/4/10 9:41,236.98
2014/4/10 9:41,238.24
2014/4/10 9:41,236.79
2014/4/10 9:41,236.85
2014/4/10 9:41,236.93
2014/4/10 9:41,236.41
2014/4/10 9:41,236.41
2014/4/10 9:41,237.61
2014/4/10 9:41,237.24
2014/4/10 9:41,238.98
2014/4/10 9:41,237.85
2014/4/10 9:41,236.75
2014/4/10 9:41,237.19
2014/4/10 9:41,237.11
2014/4/10 9:41,237.11
2014/4/10 9:41,237.61
2014/4/10 9:41,237.61
2014/4/10 9:41,237.42
2014/4/10 9:41,236.34
2014/4/10 9:41,237.53
2014/4/10 9:41,237.45
2014/4/10 9:41,237.33
2014/4/10 9:41,237.59
2014/4/10 9:41,239.24
2014/4/10 9:41,237.51
2014/4/10 9:41,237.51
2014/4/10 9:41,236.66
2014/4/10 9:41,236.93
2014/4/10 9:41,237.5
2014/4/10 9:41,239.68
2014/4/10 9:41,244.62
2014/4/10 9:41,242.18
2014/4/10 9:41,242.18
2014/4/10 9:41,236.61
2014/4/10 9:41,237.73
2014/4/10 9:41,236.81
2014/4/10 9:41,236.89
2014/4/10 9:41,237.79
2014/4/10 9:41,237.99
2014/4/10 9:41,221.94
2014/4/10 9:41,237.87
2014/4/10 9:41,236.76
2014/4/10 9:41,237.73
2014/4/10 9:41,237.76
2014/4/10 9:42,236.42
2014/4/10 9:42,237.1
2014/4/10 9:42,237.1
2014/4/10 9:42,236.41
2014/4/10 9:42,239.19
2014/4/10 9:42,238.34
2014/4/10 9:42,238.34
2014/4/10 9:42,237.25
2014/4/10 9:42,237.64
2014/4/10 9:42,237.66
2014/4/10 9:42,237.46
2014/4/10 9:42,237.79
2014/4/10 9:42,237.01
2014/4/10 9:42,236.93
2014/4/10 9:42,236.84
2014/4/10 9:42,236.84
2014/4/10 9:42,237.71
2014/4/10 9:42,237.63
2014/4/10 9:42,237.36
2014/4/10 9:42,238.04
2014/4/10 9:42,236.97
2014/4/10 9:42,236.94
2014/4/10 9:42,237.16
2014/4/10 9:42,237.67
2014/4/10 9:42,237.67
2014/4/10 9:42,237.15
2014/4/10 9:42,239.06
2014/4/10 9:42,237.36
2014/4/10 9:42,237.59
2014/4/10 9:42,237.77
2014/4/10 9:42,237.53
2014/4/10 9:42,236.48
2014/4/10 9:42,237.31
2014/4/10 9:42,237.15
2014/4/10 9:42,236.94
2014/4/10 9:42,237.2
2014/4/10 9:42,236.95
2014/4/10 9:42,237.61
2014/4/10 9:42,237.55
2014/4/10 9:42,239.89
2014/4/10 9:42,239.89
2014/4/10 9:42,237.2
2014/4/10 9:42,237.55
2014/4/10 9:42,236.96
2014/4/10 9:42,237.03
2014/4/10 9:42,237.73
2014/4/10 9:42,238.98
2014/4/10 9:42,237.81
2014/4/10 9:42,237.97
2014/4/10 9:42,237.61
2014/4/10 9:42,237.23
2014/4/10 9:42,236.84
2014/4/10 9:42,213.16
2014/4/10 9:42,237.28
2014/4/10 9:42,237.79
2014/4/10 9:42,238.1
2014/4/10 9:42,237.6
2014/4/10 9:42,237.6
2014/4/10 9:42,237.24
2014/4/10 9:42,238.19
2014/4/10 9:43,237.29
2014/4/10 9:43,237.51
2014/4/10 9:43,237.61
2014/4/10 9:43,237.41
2014/4/10 9:43,236.86
2014/4/10 9:43,236.86
2014/4/10 9:43,236.54
2014/4/10 9:43,237.88
2014/4/10 9:43,238.06
2014/4/10 9:43,237.73
2014/4/10 9:43,237.21
2014/4/10 9:43,238.09
2014/4/10 9:43,236.97
2014/4/10 9:43,237.57
2014/4/10 9:43,237.5
2014/4/10 9:43,237.5
2014/4/10 9:43,236.8
2014/4/10 9:43,237.34
2014/4/10 9:43,237.1
2014/4/10 9:43,237.18
2014/4/10 9:43,0
2014/4/10 9:43,237.18
2014/4/10 9:43,238.16
2014/4/10 9:43,238.41
2014/4/10 9:43,237.29
2014/4/10 9:43,238.76
2014/4/10 9:43,237.66
2014/4/10 9:43,237.36
2014/4/10 9:43,237.54
2014/4/10 9:43,238.02
2014/4/10 9:43,237.29
2014/4/10 9:43,237.55
2014/4/10 9:43,237.88
2014/4/10 9:43,237.35
2014/4/10 9:43,237.35
2014/4/10 9:43,237.8
2014/4/10 9:43,237.17
2014/4/10 9:43,236.77
2014/4/10 9:43,237.71
2014/4/10 9:43,237.45
2014/4/10 9:43,240.88
2014/4/10 9:43,237.83
2014/4/10 9:43,236.94
2014/4/10 9:43,237.74
2014/4/10 9:43,237.99
2014/4/10 9:43,239.15
2014/4/10 9:43,237.72
2014/4/10 9:43,237.28
2014/4/10 9:43,237.31
2014/4/10 9:43,216.62
2014/4/10 9:43,-2
2014/4/10 9:43,0
2014/4/10 9:43,0
2014/4/10 9:43,0
2014/4/10 9:43,0
2014/4/10 9:43,0
2014/4/10 9:43,0
2014/4/10 9:43,0
2014/4/10 9:43,0
2014/4/10 9:43,0
2014/4/10 9:44,0
2014/4/10 9:44,0
2014/4/10 9:44,234.23
2014/4/10 9:44,231.5
2014/4/10 9:44,231.5
2014/4/10 9:44,236.62
2014/4/10 9:44,235.93
2014/4/10 9:44,235.2
2014/4/10 9:44,235.3
2014/4/10 9:44,235.35
2014/4/10 9:44,235.48
2014/4/10 9:44,233.1
2014/4/10 9:44,233.1
2014/4/10 9:44,235.67
2014/4/10 9:44,229.78
2014/4/10 9:44,234.69
2014/4/10 9:44,233.02
2014/4/10 9:44,232.54
2014/4/10 9:44,233.62
2014/4/10 9:44,231.43
2014/4/10 9:44,230.32
2014/4/10 9:44,231.12
2014/4/10 9:44,231.42
2014/4/10 9:44,234.03
2014/4/10 9:44,234.76
2014/4/10 9:44,233.94
2014/4/10 9:44,235.25
2014/4/10 9:44,235.52
2014/4/10 9:44,235.52
2014/4/10 9:44,233.79
2014/4/10 9:44,233.79
2014/4/10 9:44,0
2014/4/10 9:44,233.79
2014/4/10 9:44,233.74
2014/4/10 9:44,233.27
2014/4/10 9:44,235.73
2014/4/10 9:44,234.98
2014/4/10 9:44,235.85
2014/4/10 9:44,236.84
2014/4/10 9:44,235.2
2014/4/10 9:44,236.19
2014/4/10 9:44,239.3
2014/4/10 9:44,235.66
2014/4/10 9:44,236.25
2014/4/10 9:44,236.92
2014/4/10 9:44,237.43
2014/4/10 9:44,237.43
2014/4/10 9:44,234.79
2014/4/10 9:44,234.47
2014/4/10 9:44,234.99
2014/4/10 9:44,234.99
2014/4/10 9:44,235.06
2014/4/10 9:44,235.01
2014/4/10 9:44,236.22
2014/4/10 9:44,237.2
2014/4/10 9:44,235.96
2014/4/10 9:44,213.95
2014/4/10 9:44,236.44
2014/4/10 9:44,236.07
2014/4/10 9:44,236.88
2014/4/10 9:45,237.16
2014/4/10 9:45,236.96
2014/4/10 9:45,236.96
2014/4/10 9:45,236.59
2014/4/10 9:45,235.57
2014/4/10 9:45,236.47
2014/4/10 9:45,235.67
2014/4/10 9:45,235.67
2014/4/10 9:45,237.28
2014/4/10 9:45,236.34
2014/4/10 9:45,236.26
2014/4/10 9:45,234.54
2014/4/10 9:45,235.08
2014/4/10 9:45,236.14
2014/4/10 9:45,236
2014/4/10 9:45,236.02
2014/4/10 9:45,236.53
2014/4/10 9:45,236.5
2014/4/10 9:45,236.02
2014/4/10 9:45,236.02
2014/4/10 9:45,236.2
2014/4/10 9:45,237.3
2014/4/10 9:45,236.54
2014/4/10 9:45,236.43
2014/4/10 9:45,237.29
2014/4/10 9:45,236.86
2014/4/10 9:45,235.02
2014/4/10 9:45,236.21
2014/4/10 9:45,235.87
2014/4/10 9:45,237.18
2014/4/10 9:45,236.92
2014/4/10 9:45,236.77
2014/4/10 9:45,237.1
2014/4/10 9:45,237.07
2014/4/10 9:45,236.25
2014/4/10 9:45,237.09
2014/4/10 9:45,237.09
2014/4/10 9:45,236.5
2014/4/10 9:45,236.25
2014/4/10 9:45,236.23
2014/4/10 9:45,235.97
2014/4/10 9:45,236.09
2014/4/10 9:45,235.68
2014/4/10 9:45,235.84
2014/4/10 9:45,236.78
2014/4/10 9:45,237.66
2014/4/10 9:45,237.55
2014/4/10 9:45,236.99
2014/4/10 9:45,231.35
2014/4/10 9:45,217.37
2014/4/10 9:45,236.8
2014/4/10 9:45,235.94
2014/4/10 9:45,236.62
2014/4/10 9:45,237.21
2014/4/10 9:45,237.21
2014/4/10 9:45,236.69
2014/4/10 9:45,236.38
2014/4/10 9:45,237.03
2014/4/10 9:45,237.03
2014/4/10 9:45,236.51
2014/4/10 9:46,236.75
2014/4/10 9:46,236.66
2014/4/10 9:46,236.7
2014/4/10 9:46,236.25
2014/4/10 9:46,235.96
2014/4/10 9:46,239.2
2014/4/10 9:46,236.76
2014/4/10 9:46,236.03
2014/4/10 9:46,237.23
2014/4/10 9:46,236.72
2014/4/10 9:46,236.99
2014/4/10 9:46,236.99
2014/4/10 9:46,236.89
2014/4/10 9:46,236.81
2014/4/10 9:46,236.05
2014/4/10 9:46,236.87
2014/4/10 9:46,236.43
2014/4/10 9:46,236.61
2014/4/10 9:46,237.06
2014/4/10 9:46,236.55
2014/4/10 9:46,236.43
2014/4/10 9:46,236.28
2014/4/10 9:46,237.27
2014/4/10 9:46,236.2
2014/4/10 9:46,236.31
2014/4/10 9:46,237.48
2014/4/10 9:46,238.02
2014/4/10 9:46,237.01
2014/4/10 9:46,236.71
2014/4/10 9:46,236.71
2014/4/10 9:46,236.78
2014/4/10 9:46,236.22
2014/4/10 9:46,236.22
2014/4/10 9:46,233.22
2014/4/10 9:46,234.88
2014/4/10 9:46,236.42
2014/4/10 9:46,236.49
2014/4/10 9:46,236.31
2014/4/10 9:46,237.11
2014/4/10 9:46,237.16
2014/4/10 9:46,236.69
2014/4/10 9:46,238.38
2014/4/10 9:46,214.58
2014/4/10 9:46,236.65
2014/4/10 9:46,236.65
2014/4/10 9:46,236.95
2014/4/10 9:46,238.53
2014/4/10 9:46,237.2
2014/4/10 9:46,248.25
2014/4/10 9:46,237.22
2014/4/10 9:46,237.22
2014/4/10 9:46,237.36
2014/4/10 9:46,237.03
2014/4/10 9:46,237.02
2014/4/10 9:46,237.4
2014/4/10 9:46,236.78
2014/4/10 9:46,235.94
2014/4/10 9:46,236.47
2014/4/10 9:46,236.33
2014/4/10 9:46,235.86
2014/4/10 9:47,234.95
2014/4/10 9:47,234.95
2014/4/10 9:47,236.45
2014/4/10 9:47,236.67
2014/4/10 9:47,237.21
2014/4/10 9:47,236.85
2014/4/10 9:47,238.31
2014/4/10 9:47,236.95
2014/4/10 9:47,236.23
2014/4/10 9:47,236.2
2014/4/10 9:47,236.17
2014/4/10 9:47,236.71
2014/4/10 9:47,236.08
2014/4/10 9:47,235.15
2014/4/10 9:47,236.64
2014/4/10 9:47,236.34
2014/4/10 9:47,236.83
2014/4/10 9:47,237.61
2014/4/10 9:47,237.61
2014/4/10 9:47,237.44
2014/4/10 9:47,237.23
2014/4/10 9:47,237.23
2014/4/10 9:47,237.42
2014/4/10 9:47,236.27
2014/4/10 9:47,236.94
2014/4/10 9:47,238.07
2014/4/10 9:47,237.42
2014/4/10 9:47,237.02
2014/4/10 9:47,236.24
2014/4/10 9:47,237.06
2014/4/10 9:47,237.16
2014/4/10 9:47,236.82
2014/4/10 9:47,237.68
2014/4/10 9:47,236.54
2014/4/10 9:47,236.88
2014/4/10 9:47,215.27
2014/4/10 9:47,233.76
2014/4/10 9:47,233.76
2014/4/10 9:47,237.04
2014/4/10 9:47,236.92
2014/4/10 9:47,236.71
2014/4/10 9:47,237.55
2014/4/10 9:47,240.23
2014/4/10 9:47,236.56
2014/4/10 9:47,237.24
2014/4/10 9:47,238.86
2014/4/10 9:47,237.56
2014/4/10 9:47,237.84
2014/4/10 9:47,237.53
2014/4/10 9:47,237.22
2014/4/10 9:47,237.69
2014/4/10 9:47,237.47
2014/4/10 9:47,237.06
2014/4/10 9:47,237.77
2014/4/10 9:47,237.77
2014/4/10 9:47,237.28
2014/4/10 9:47,237.01
2014/4/10 9:47,237.73
2014/4/10 9:47,236.95
2014/4/10 9:47,236.95
2014/4/10 9:48,236.95
2014/4/10 9:48,235.76
2014/4/10 9:48,237.75
2014/4/10 9:48,236.73
2014/4/10 9:48,237.47
2014/4/10 9:48,240
2014/4/10 9:48,237.26
2014/4/10 9:48,236.92
2014/4/10 9:48,237.51
2014/4/10 9:48,237.01
2014/4/10 9:48,236.74
2014/4/10 9:48,236.74
2014/4/10 9:48,236.84
2014/4/10 9:48,237.12
2014/4/10 9:48,236.49
2014/4/10 9:48,237.48
2014/4/10 9:48,237.48
2014/4/10 9:48,237.2
2014/4/10 9:48,236.92
2014/4/10 9:48,236.35
2014/4/10 9:48,238.01
2014/4/10 9:48,236.88
2014/4/10 9:48,237.04
2014/4/10 9:48,236.9
2014/4/10 9:48,237.69
2014/4/10 9:48,238.28
2014/4/10 9:48,236.54
2014/4/10 9:48,236.47
2014/4/10 9:48,236.47
2014/4/10 9:48,236.12
2014/4/10 9:48,237.9
2014/4/10 9:48,237.9
2014/4/10 9:48,212.32
2014/4/10 9:48,212.32
2014/4/10 9:48,237.51
2014/4/10 9:48,236.88
2014/4/10 9:48,237.41
2014/4/10 9:48,237.85
2014/4/10 9:48,237.32
2014/4/10 9:48,237.43
2014/4/10 9:48,238.11
2014/4/10 9:48,237
2014/4/10 9:48,239.21
2014/4/10 9:48,237.66
2014/4/10 9:48,238.68
2014/4/10 9:48,238.68
2014/4/10 9:48,238.04
2014/4/10 9:48,237.56
2014/4/10 9:48,237.37
2014/4/10 9:48,237.22
2014/4/10 9:48,236.5
2014/4/10 9:48,236.65
2014/4/10 9:48,238.07
2014/4/10 9:48,237.91
2014/4/10 9:48,238.04
2014/4/10 9:48,237.65
2014/4/10 9:48,236.86
2014/4/10 9:48,237.44
2014/4/10 9:48,237.2
2014/4/10 9:48,-2
2014/4/10 9:49,0
2014/4/10 9:49,0
2014/4/10 9:49,0
2014/4/10 9:49,0
2014/4/10 9:49,0
2014/4/10 9:49,0
2014/4/10 9:49,0
2014/4/10 9:49,0
2014/4/10 9:49,0
2014/4/10 9:49,0
2014/4/10 9:49,0
2014/4/10 9:49,-1
2014/4/10 9:49,230.79
2014/4/10 9:49,232.73
2014/4/10 9:49,233.85
2014/4/10 9:49,233.66
2014/4/10 9:49,233.66
2014/4/10 9:49,230.83
2014/4/10 9:49,234.29
2014/4/10 9:49,232.56
2014/4/10 9:49,226.92
2014/4/10 9:49,230.58
2014/4/10 9:49,233.22
2014/4/10 9:49,229.54
2014/4/10 9:49,229
2014/4/10 9:49,231.35
2014/4/10 9:49,234.67
2014/4/10 9:49,229.69
2014/4/10 9:49,233.53
2014/4/10 9:49,233.53
2014/4/10 9:49,226.35
2014/4/10 9:49,229.89
2014/4/10 9:49,227.98
2014/4/10 9:49,229.97
2014/4/10 9:49,229.97
2014/4/10 9:49,225.97
2014/4/10 9:49,232.12
2014/4/10 9:49,231.69
2014/4/10 9:49,227.9
2014/4/10 9:49,229.32
2014/4/10 9:49,0
2014/4/10 9:49,229.32
2014/4/10 9:49,236.17
2014/4/10 9:49,237.41
2014/4/10 9:49,237.85
2014/4/10 9:49,234.93
2014/4/10 9:49,235.53
2014/4/10 9:49,235.53
2014/4/10 9:49,236.12
2014/4/10 9:49,232.23
2014/4/10 9:49,234.92
2014/4/10 9:49,220.12
2014/4/10 9:49,233.54
2014/4/10 9:49,225.79
2014/4/10 9:49,223.48
2014/4/10 9:49,223.39
2014/4/10 9:49,223.69
2014/4/10 9:49,226.57
2014/4/10 9:49,226.05
2014/4/10 9:49,232.03
2014/4/10 9:50,232.19
2014/4/10 9:50,234.38
2014/4/10 9:50,233.48
2014/4/10 9:50,230.02
2014/4/10 9:50,232.58
2014/4/10 9:50,232.58
2014/4/10 9:50,234.01
2014/4/10 9:50,232.98
2014/4/10 9:50,232.48
2014/4/10 9:50,233.09
2014/4/10 9:50,234.58
2014/4/10 9:50,234.68
2014/4/10 9:50,234.67
2014/4/10 9:50,233.49
2014/4/10 9:50,236.16
2014/4/10 9:50,233.74
2014/4/10 9:50,232.06
2014/4/10 9:50,230.58
2014/4/10 9:50,222
2014/4/10 9:50,233.19
2014/4/10 9:50,232.35
2014/4/10 9:50,232.35
2014/4/10 9:50,232.16
2014/4/10 9:50,228.7
2014/4/10 9:50,231.38
2014/4/10 9:50,225.23
2014/4/10 9:50,235.22
2014/4/10 9:50,235.18
2014/4/10 9:50,224.68
2014/4/10 9:50,229.98
2014/4/10 9:50,234.95
2014/4/10 9:50,227.81
2014/4/10 9:50,234.2
2014/4/10 9:50,234.21
2014/4/10 9:50,232.82
2014/4/10 9:50,235.64
2014/4/10 9:50,203.19
2014/4/10 9:50,236.79
2014/4/10 9:50,236.79
2014/4/10 9:50,237.18
2014/4/10 9:50,236.11
2014/4/10 9:50,236.22
2014/4/10 9:50,236.71
2014/4/10 9:50,236.09
2014/4/10 9:50,232.94
2014/4/10 9:50,229.06
2014/4/10 9:50,232.22
2014/4/10 9:50,233.87
2014/4/10 9:50,235.84
2014/4/10 9:50,231.74
2014/4/10 9:50,230.84
2014/4/10 9:50,228.39
2014/4/10 9:50,228.39
2014/4/10 9:50,227.98
2014/4/10 9:50,227.14
2014/4/10 9:50,227.14
2014/4/10 9:50,232.48
2014/4/10 9:50,232.89
2014/4/10 9:50,221.65
2014/4/10 9:50,228.59
2014/4/10 9:51,232.03
2014/4/10 9:51,230.45
2014/4/10 9:51,235.63
2014/4/10 9:51,230.84
2014/4/10 9:51,226.51
2014/4/10 9:51,229.99
2014/4/10 9:51,229.45
2014/4/10 9:51,222.7
2014/4/10 9:51,228.38
2014/4/10 9:51,228.38
2014/4/10 9:51,226.79
2014/4/10 9:51,230.63
2014/4/10 9:51,230.63
2014/4/10 9:51,232.75
2014/4/10 9:51,225.01
2014/4/10 9:51,232.06
2014/4/10 9:51,229.48
2014/4/10 9:51,228.38
2014/4/10 9:51,230.45
2014/4/10 9:51,232.93
2014/4/10 9:51,235.04
2014/4/10 9:51,228.24
2014/4/10 9:51,232.73
2014/4/10 9:51,232
2014/4/10 9:51,229.04
2014/4/10 9:51,234.57
2014/4/10 9:51,233.24
2014/4/10 9:51,232.42
2014/4/10 9:51,236.66
2014/4/10 9:51,231.93
2014/4/10 9:51,231.93
2014/4/10 9:51,211.25
2014/4/10 9:51,236.74
2014/4/10 9:51,236.51
2014/4/10 9:51,233.31
2014/4/10 9:51,233.3
2014/4/10 9:51,232.73
2014/4/10 9:51,228.31
2014/4/10 9:51,229
2014/4/10 9:51,232.12
2014/4/10 9:51,232.41
2014/4/10 9:51,229.76
2014/4/10 9:51,225.3
2014/4/10 9:51,231.13
2014/4/10 9:51,228.89
2014/4/10 9:51,228.89
2014/4/10 9:51,231.58
2014/4/10 9:51,236.27
2014/4/10 9:51,239.05
2014/4/10 9:51,232.75
2014/4/10 9:51,234.39
2014/4/10 9:51,235.42
2014/4/10 9:51,235.78
2014/4/10 9:51,233.25
2014/4/10 9:51,229.32
2014/4/10 9:51,227.23
2014/4/10 9:51,224.68
2014/4/10 9:51,225.39
2014/4/10 9:51,226.99
2014/4/10 9:51,230.3
2014/4/10 9:52,228.6
2014/4/10 9:52,232.61
2014/4/10 9:52,234.1
2014/4/10 9:52,229.09
2014/4/10 9:52,229.09
2014/4/10 9:52,230.71
2014/4/10 9:52,235.31
2014/4/10 9:52,228.98
2014/4/10 9:52,225.92
2014/4/10 9:52,228.65
2014/4/10 9:52,233.03
2014/4/10 9:52,229.24
2014/4/10 9:52,233.5
2014/4/10 9:52,234.75
2014/4/10 9:52,233.63
2014/4/10 9:52,233.03
2014/4/10 9:52,227.92
2014/4/10 9:52,232.63
2014/4/10 9:52,232.63
2014/4/10 9:52,233.09
2014/4/10 9:52,235.11
2014/4/10 9:52,232.95
2014/4/10 9:52,232.95
2014/4/10 9:52,233.73
2014/4/10 9:52,231.23
2014/4/10 9:52,226.64
2014/4/10 9:52,232.88
2014/4/10 9:52,209.91
2014/4/10 9:52,236.35
2014/4/10 9:52,236.71
2014/4/10 9:52,237.09
2014/4/10 9:52,235.33
2014/4/10 9:52,231.6
2014/4/10 9:52,234.85
2014/4/10 9:52,232.46
2014/4/10 9:52,231.7
2014/4/10 9:52,232.28
2014/4/10 9:52,230.06
2014/4/10 9:52,230.06
2014/4/10 9:52,231.53
2014/4/10 9:52,231.08
2014/4/10 9:52,231.43
2014/4/10 9:52,217.92
2014/4/10 9:52,226.37
2014/4/10 9:52,223.14
2014/4/10 9:52,233.29
2014/4/10 9:52,234.35
2014/4/10 9:52,231.13
2014/4/10 9:52,230.5
2014/4/10 9:52,233.63
2014/4/10 9:52,233.6
2014/4/10 9:52,235.13
2014/4/10 9:52,231.26
2014/4/10 9:52,228.75
2014/4/10 9:52,225.53
2014/4/10 9:52,225.53
2014/4/10 9:52,227.62
2014/4/10 9:52,229.65
2014/4/10 9:52,234.33
2014/4/10 9:52,229.84
2014/4/10 9:53,234.41
2014/4/10 9:53,229.21
2014/4/10 9:53,226.68
2014/4/10 9:53,233.67
2014/4/10 9:53,232.43
2014/4/10 9:53,232.07
2014/4/10 9:53,234.89
2014/4/10 9:53,232.7
2014/4/10 9:53,228.71
2014/4/10 9:53,228.71
2014/4/10 9:53,232.35
2014/4/10 9:53,227.39
2014/4/10 9:53,227.74
2014/4/10 9:53,227.74
2014/4/10 9:53,228.66
2014/4/10 9:53,228.6
2014/4/10 9:53,230.69
2014/4/10 9:53,235.34
2014/4/10 9:53,231.05
2014/4/10 9:53,231.21
2014/4/10 9:53,229.57
2014/4/10 9:53,227.52
2014/4/10 9:53,227.56
2014/4/10 9:53,232.89
2014/4/10 9:53,208.19
2014/4/10 9:53,236.58
2014/4/10 9:53,237.16
2014/4/10 9:53,235.94
2014/4/10 9:53,235.47
2014/4/10 9:53,234.94
2014/4/10 9:53,234.37
2014/4/10 9:53,234.37
2014/4/10 9:53,230.76
2014/4/10 9:53,232.23
2014/4/10 9:53,232.51
2014/4/10 9:53,232.06
2014/4/10 9:53,232.77
2014/4/10 9:53,231.83
2014/4/10 9:53,232.9
2014/4/10 9:53,230.3
2014/4/10 9:53,0
2014/4/10 9:53,230.3
2014/4/10 9:53,230.54
2014/4/10 9:53,234.73
2014/4/10 9:53,233.11
2014/4/10 9:53,228.08
2014/4/10 9:53,235.71
2014/4/10 9:53,235.98
2014/4/10 9:53,236.17
2014/4/10 9:53,234.64
2014/4/10 9:53,234.64
2014/4/10 9:53,234.93
2014/4/10 9:53,230.84
2014/4/10 9:53,232.53
2014/4/10 9:53,228.02
2014/4/10 9:53,230.52
2014/4/10 9:53,228.2
2014/4/10 9:53,233.05
2014/4/10 9:53,230.51
2014/4/10 9:53,228.04
2014/4/10 9:54,225.36
2014/4/10 9:54,229.48
2014/4/10 9:54,231.68
2014/4/10 9:54,231.29
2014/4/10 9:54,233.6
2014/4/10 9:54,234.07
2014/4/10 9:54,230.47
2014/4/10 9:54,230.47
2014/4/10 9:54,231.14
2014/4/10 9:54,227.78
2014/4/10 9:54,234.25
2014/4/10 9:54,0
2014/4/10 9:54,0
2014/4/10 9:54,0
2014/4/10 9:54,0
2014/4/10 9:54,0
2014/4/10 9:54,0
2014/4/10 9:54,0
2014/4/10 9:54,0
2014/4/10 9:54,0
2014/4/10 9:54,0
2014/4/10 9:54,0
2014/4/10 9:54,222.21
2014/4/10 9:54,218.72
2014/4/10 9:54,224.77
2014/4/10 9:54,231.39
2014/4/10 9:54,226.52
2014/4/10 9:54,222.64
2014/4/10 9:54,225.03
2014/4/10 9:54,231.35
2014/4/10 9:54,214.43
2014/4/10 9:54,226.84
2014/4/10 9:54,230.11
2014/4/10 9:54,229.09
2014/4/10 9:54,222.17
2014/4/10 9:54,220.52
2014/4/10 9:54,226.98
2014/4/10 9:54,221.84
2014/4/10 9:54,220.67
2014/4/10 9:54,224.68
2014/4/10 9:54,224.14
2014/4/10 9:54,216.46
2014/4/10 9:54,223.91
2014/4/10 9:54,218.6
2014/4/10 9:54,228.4
2014/4/10 9:54,223.84
2014/4/10 9:54,219.49
2014/4/10 9:54,222.63
2014/4/10 9:54,221.75
2014/4/10 9:54,228.84
2014/4/10 9:54,224.79
2014/4/10 9:54,0
2014/4/10 9:54,224.79
2014/4/10 9:54,229.43
2014/4/10 9:54,227.51
2014/4/10 9:54,226.26
2014/4/10 9:54,219.39
2014/4/10 9:54,225.06
2014/4/10 9:54,222.2
2014/4/10 9:54,228.73
2014/4/10 9:55,223.99
2014/4/10 9:55,223.57
2014/4/10 9:55,224.97
2014/4/10 9:55,230.3
2014/4/10 9:55,221.72
2014/4/10 9:55,228.81
2014/4/10 9:55,222.41
2014/4/10 9:55,227.29
2014/4/10 9:55,231.83
2014/4/10 9:55,225.6
2014/4/10 9:55,231.64
2014/4/10 9:55,231.64
2014/4/10 9:55,222.53
2014/4/10 9:55,225.07
2014/4/10 9:55,231.87
2014/4/10 9:55,220.35
2014/4/10 9:55,228.88
2014/4/10 9:55,223.75
2014/4/10 9:55,222.68
2014/4/10 9:55,230.13
2014/4/10 9:55,224.73
2014/4/10 9:55,218.44
2014/4/10 9:55,228.06
2014/4/10 9:55,228.42
2014/4/10 9:55,223.11
2014/4/10 9:55,227.04
2014/4/10 9:55,225.39
2014/4/10 9:55,228.22
2014/4/10 9:55,224.12
2014/4/10 9:55,224.03
2014/4/10 9:55,225.75
2014/4/10 9:55,218.55
2014/4/10 9:55,206.82
2014/4/10 9:55,235.62
2014/4/10 9:55,236.26
2014/4/10 9:55,234.23
2014/4/10 9:55,231.81
2014/4/10 9:55,229.09
2014/4/10 9:55,221.05
2014/4/10 9:55,217.36
2014/4/10 9:55,224.85
2014/4/10 9:55,218.09
2014/4/10 9:55,221.06
2014/4/10 9:55,225.55
2014/4/10 9:55,229.56
2014/4/10 9:55,224.51
2014/4/10 9:55,223.73
2014/4/10 9:55,226.07
2014/4/10 9:55,222.39
2014/4/10 9:55,223.83
2014/4/10 9:55,224.89
2014/4/10 9:55,222.46
2014/4/10 9:55,225.17
2014/4/10 9:55,225.86
2014/4/10 9:55,229.24
2014/4/10 9:55,222.44
2014/4/10 9:55,222.6
2014/4/10 9:55,231.79
2014/4/10 9:55,224.88
2014/4/10 9:55,225.75
2014/4/10 9:56,224.48
2014/4/10 9:56,225.45
2014/4/10 9:56,224.45
2014/4/10 9:56,212.19
2014/4/10 9:56,216.1
2014/4/10 9:56,226.78
2014/4/10 9:56,223.9
2014/4/10 9:56,232.52
2014/4/10 9:56,225.92
2014/4/10 9:56,225.84
2014/4/10 9:56,226.23
2014/4/10 9:56,217.89
2014/4/10 9:56,223.64
2014/4/10 9:56,222.83
2014/4/10 9:56,220.15
2014/4/10 9:56,229.55
2014/4/10 9:56,228.39
2014/4/10 9:56,225.58
2014/4/10 9:56,225.74
2014/4/10 9:56,229.78
2014/4/10 9:56,218.7
2014/4/10 9:56,219.82
2014/4/10 9:56,225.9
2014/4/10 9:56,225.25
2014/4/10 9:56,223.01
2014/4/10 9:56,226.92
2014/4/10 9:56,233.09
2014/4/10 9:56,222.37
2014/4/10 9:56,222.45
2014/4/10 9:56,222.96
2014/4/10 9:56,229.3
2014/4/10 9:56,224.38
2014/4/10 9:56,203.4
2014/4/10 9:56,236.74
2014/4/10 9:56,235.82
2014/4/10 9:56,229.95
2014/4/10 9:56,225.52
2014/4/10 9:56,223.68
2014/4/10 9:56,219.96
2014/4/10 9:56,222.23
2014/4/10 9:56,224.18
2014/4/10 9:56,223.24
2014/4/10 9:56,218.4
2014/4/10 9:56,220.39
2014/4/10 9:56,218.93
2014/4/10 9:56,225.58
2014/4/10 9:56,225.96
2014/4/10 9:56,218.98
2014/4/10 9:56,234.16
2014/4/10 9:56,230.46
2014/4/10 9:56,231.41
2014/4/10 9:56,227.74
2014/4/10 9:56,225.38
2014/4/10 9:56,230.58
2014/4/10 9:56,222.44
2014/4/10 9:56,228.18
2014/4/10 9:56,218.31
2014/4/10 9:56,226.6
2014/4/10 9:56,222.89
2014/4/10 9:56,224.68
2014/4/10 9:57,224.93
2014/4/10 9:57,224.72
2014/4/10 9:57,222.95
2014/4/10 9:57,223.92
2014/4/10 9:57,216.21
2014/4/10 9:57,225.53
2014/4/10 9:57,226.1
2014/4/10 9:57,224.19
2014/4/10 9:57,222.18
2014/4/10 9:57,225.31
2014/4/10 9:57,222.68
2014/4/10 9:57,220.27
2014/4/10 9:57,228.02
2014/4/10 9:57,222.43
2014/4/10 9:57,228.03
2014/4/10 9:57,225.89
2014/4/10 9:57,225.93
2014/4/10 9:57,222.53
2014/4/10 9:57,225.82
2014/4/10 9:57,222.36
2014/4/10 9:57,225.14
2014/4/10 9:57,223.37
2014/4/10 9:57,227.21
2014/4/10 9:57,228.49
2014/4/10 9:57,229.95
2014/4/10 9:57,226.86
2014/4/10 9:57,228.29
2014/4/10 9:57,220.66
2014/4/10 9:57,221.19
2014/4/10 9:57,228.17
2014/4/10 9:57,229.1
2014/4/10 9:57,226.87
2014/4/10 9:57,219.59
2014/4/10 9:57,214.42
2014/4/10 9:57,233.29
2014/4/10 9:57,229.71
2014/4/10 9:57,223.97
2014/4/10 9:57,225.88
2014/4/10 9:57,227.43
2014/4/10 9:57,218.61
2014/4/10 9:57,223.22
2014/4/10 9:57,225.27
2014/4/10 9:57,231.08
2014/4/10 9:57,222.51
2014/4/10 9:57,223.26
2014/4/10 9:57,222.05
2014/4/10 9:57,223.68
2014/4/10 9:57,226.08
2014/4/10 9:57,223.93
2014/4/10 9:57,225.78
2014/4/10 9:57,226.28
2014/4/10 9:57,226.71
2014/4/10 9:57,225.25
2014/4/10 9:57,224.79
2014/4/10 9:57,221.25
2014/4/10 9:57,226.06
2014/4/10 9:57,221.8
2014/4/10 9:57,221.46
2014/4/10 9:57,224.07
2014/4/10 9:57,220.44
2014/4/10 9:58,223.99
2014/4/10 9:58,220.76
2014/4/10 9:58,223.1
2014/4/10 9:58,222.38
2014/4/10 9:58,213.5
2014/4/10 9:58,225.29
2014/4/10 9:58,219.03
2014/4/10 9:58,228.34
2014/4/10 9:58,232.36
2014/4/10 9:58,220.75
2014/4/10 9:58,218.17
2014/4/10 9:58,222.56
2014/4/10 9:58,220.82
2014/4/10 9:58,222.84
2014/4/10 9:58,217.09
2014/4/10 9:58,226.91
2014/4/10 9:58,225.94
2014/4/10 9:58,226.3
2014/4/10 9:58,225.26
2014/4/10 9:58,225.1
2014/4/10 9:58,220.24
2014/4/10 9:58,225.89
2014/4/10 9:58,221.65
2014/4/10 9:58,221.94
2014/4/10 9:58,223.57
2014/4/10 9:58,232.55
2014/4/10 9:58,229.74
2014/4/10 9:58,229.83
2014/4/10 9:58,227.4
2014/4/10 9:58,227.91
2014/4/10 9:58,227.52
2014/4/10 9:58,226.44
2014/4/10 9:58,221.28
2014/4/10 9:58,208.77
2014/4/10 9:58,225.99
2014/4/10 9:58,231.31
2014/4/10 9:58,226.55
2014/4/10 9:58,224.9
2014/4/10 9:58,226.06
2014/4/10 9:58,226.53
2014/4/10 9:58,221.75
2014/4/10 9:58,226.32
2014/4/10 9:58,224.28
2014/4/10 9:58,231.1
2014/4/10 9:58,220.37
2014/4/10 9:58,224.53
2014/4/10 9:58,223.21
2014/4/10 9:58,224.95
2014/4/10 9:58,233.8
2014/4/10 9:58,224.53
2014/4/10 9:58,221.89
2014/4/10 9:58,0
2014/4/10 9:58,221.89
2014/4/10 9:58,221.79
2014/4/10 9:58,226.78
2014/4/10 9:58,226.78
2014/4/10 9:58,218.92
2014/4/10 9:58,218.45
2014/4/10 9:58,222.97
2014/4/10 9:58,226.04
2014/4/10 9:59,223.16
2014/4/10 9:59,222.58
2014/4/10 9:59,222.8
2014/4/10 9:59,223.11
2014/4/10 9:59,226.24
2014/4/10 9:59,223.87
2014/4/10 9:59,218.42
2014/4/10 9:59,217.17
2014/4/10 9:59,221.49
2014/4/10 9:59,225.28
2014/4/10 9:59,222.71
2014/4/10 9:59,229.25
2014/4/10 9:59,229.25
2014/4/10 9:59,230.34
2014/4/10 9:59,226.66
2014/4/10 9:59,228.3
2014/4/10 9:59,225.21
2014/4/10 9:59,226.17
2014/4/10 9:59,222.54
2014/4/10 9:59,223.68
2014/4/10 9:59,216.11
2014/4/10 9:59,0
2014/4/10 9:59,0
2014/4/10 9:59,0
2014/4/10 9:59,0
2014/4/10 9:59,0
2014/4/10 9:59,0
2014/4/10 9:59,0
2014/4/10 9:59,0
2014/4/10 9:59,0
2014/4/10 9:59,0
2014/4/10 9:59,0
2014/4/10 9:59,0
2014/4/10 9:59,228.34
2014/4/10 9:59,222.9
2014/4/10 9:59,222.9
2014/4/10 9:59,213.11
2014/4/10 9:59,218.19
2014/4/10 9:59,211.89
2014/4/10 9:59,212.86
2014/4/10 9:59,219.46
2014/4/10 9:59,222.06
2014/4/10 9:59,215.26
2014/4/10 9:59,215.12
2014/4/10 9:59,215.56
2014/4/10 9:59,207.77
2014/4/10 9:59,201.72
2014/4/10 9:59,201.72
2014/4/10 9:59,235.05
2014/4/10 9:59,219.87
2014/4/10 9:59,221.18
2014/4/10 9:59,220.11
2014/4/10 9:59,220.73
2014/4/10 9:59,219.38
2014/4/10 9:59,216.49
2014/4/10 9:59,215.44
2014/4/10 9:59,216.25
2014/4/10 9:59,220.55
2014/4/10 9:59,211.85
2014/4/10 9:59,214.77
2014/4/10 10:00,221.42
2014/4/10 10:00,0
2014/4/10 10:00,221.42
2014/4/10 10:00,222.19
2014/4/10 10:00,223.56
2014/4/10 10:00,219.39
2014/4/10 10:00,219.75
2014/4/10 10:00,211.93
2014/4/10 10:00,214.09
2014/4/10 10:00,213.11
2014/4/10 10:00,218.89
2014/4/10 10:00,214.29
2014/4/10 10:00,216.22
2014/4/10 10:00,206.99
2014/4/10 10:00,215.49
2014/4/10 10:00,219.94
2014/4/10 10:00,218.61
2014/4/10 10:00,211.6
2014/4/10 10:00,211.6
2014/4/10 10:00,218.02
2014/4/10 10:00,225.35
2014/4/10 10:00,220.27
2014/4/10 10:00,219.55
2014/4/10 10:00,214.34
2014/4/10 10:00,217.56
2014/4/10 10:00,218.45
2014/4/10 10:00,223.5
2014/4/10 10:00,216.51
2014/4/10 10:00,215.37
2014/4/10 10:00,215.99
2014/4/10 10:00,213.19
2014/4/10 10:00,213.23
2014/4/10 10:00,216.54
2014/4/10 10:00,213.52
2014/4/10 10:00,211.24
2014/4/10 10:00,211.24
2014/4/10 10:00,218.43
2014/4/10 10:00,218.03
2014/4/10 10:00,225.54
2014/4/10 10:00,219.52
2014/4/10 10:00,216.75
2014/4/10 10:00,217.37
2014/4/10 10:00,219.58
2014/4/10 10:00,211.96
2014/4/10 10:00,216.79
2014/4/10 10:00,218.94
2014/4/10 10:00,217.01
2014/4/10 10:00,218.27
2014/4/10 10:00,214.76
2014/4/10 10:00,212.77
2014/4/10 10:00,226.06
2014/4/10 10:00,217.28
2014/4/10 10:00,226.16
2014/4/10 10:00,226.16
2014/4/10 10:00,206.77
2014/4/10 10:00,206.77
2014/4/10 10:00,229.63
2014/4/10 10:00,221.52
2014/4/10 10:00,210.55
2014/4/10 10:00,221.64
2014/4/10 10:01,220.49
2014/4/10 10:01,218.4
2014/4/10 10:01,213.54
2014/4/10 10:01,216.84
2014/4/10 10:01,221.41
2014/4/10 10:01,224.81
2014/4/10 10:01,220.03
2014/4/10 10:01,222.69
2014/4/10 10:01,217.67
2014/4/10 10:01,211.39
2014/4/10 10:01,211.39
2014/4/10 10:01,216.46
2014/4/10 10:01,216.23
2014/4/10 10:01,216.6
2014/4/10 10:01,222.09
2014/4/10 10:01,217.07
2014/4/10 10:01,217.69
2014/4/10 10:01,212.93
2014/4/10 10:01,216.04
2014/4/10 10:01,212.59
2014/4/10 10:01,220.76
2014/4/10 10:01,218.76
2014/4/10 10:01,217.77
2014/4/10 10:01,211.74
2014/4/10 10:01,218.11
2014/4/10 10:01,219.49
2014/4/10 10:01,219.49
2014/4/10 10:01,208.89
2014/4/10 10:01,210.45
2014/4/10 10:01,210.45
2014/4/10 10:01,217.94
2014/4/10 10:01,210.28
2014/4/10 10:01,216.68
2014/4/10 10:01,214.55
2014/4/10 10:01,211.19
2014/4/10 10:01,217.19
2014/4/10 10:01,213.45
2014/4/10 10:01,222.27
2014/4/10 10:01,223.64
2014/4/10 10:01,213.03
2014/4/10 10:01,222.09
2014/4/10 10:01,219.18
2014/4/10 10:01,220.29
2014/4/10 10:01,213.05
2014/4/10 10:01,213.05
2014/4/10 10:01,213.09
2014/4/10 10:01,208.16
2014/4/10 10:01,226.7
2014/4/10 10:01,220
2014/4/10 10:01,213.75
2014/4/10 10:01,221.61
2014/4/10 10:01,222.41
2014/4/10 10:01,221.79
2014/4/10 10:01,210.54
2014/4/10 10:01,220.1
2014/4/10 10:01,216.66
2014/4/10 10:01,226.19
2014/4/10 10:01,225.04
2014/4/10 10:01,216.65
2014/4/10 10:01,219.65
2014/4/10 10:02,219.65
2014/4/10 10:02,224.61
2014/4/10 10:02,211.79
2014/4/10 10:02,226.08
2014/4/10 10:02,226.08
2014/4/10 10:02,225.86
2014/4/10 10:02,216.46
2014/4/10 10:02,223.31
2014/4/10 10:02,221.46
2014/4/10 10:02,223.47
2014/4/10 10:02,225.51
2014/4/10 10:02,222.98
2014/4/10 10:02,222.33
2014/4/10 10:02,218.18
2014/4/10 10:02,217.26
2014/4/10 10:02,221.43
2014/4/10 10:02,215.57
2014/4/10 10:02,214.14
2014/4/10 10:02,214.14
2014/4/10 10:02,210.38
2014/4/10 10:02,212.61
2014/4/10 10:02,216.82
2014/4/10 10:02,218.43
2014/4/10 10:02,212.28
2014/4/10 10:02,217.27
2014/4/10 10:02,218.86
2014/4/10 10:02,224.25
2014/4/10 10:02,217.5
2014/4/10 10:02,221.3
2014/4/10 10:02,218.1
2014/4/10 10:02,218.4
2014/4/10 10:02,222.55
2014/4/10 10:02,223.25
2014/4/10 10:02,220.25
2014/4/10 10:02,215.36
2014/4/10 10:02,215.36
2014/4/10 10:02,218.69
2014/4/10 10:02,217.83
2014/4/10 10:02,213.54
2014/4/10 10:02,220.45
2014/4/10 10:02,213.82
2014/4/10 10:02,218.97
2014/4/10 10:02,215.18
2014/4/10 10:02,222.19
2014/4/10 10:02,214.13
2014/4/10 10:02,218.8
2014/4/10 10:02,218.98
2014/4/10 10:02,221.65
2014/4/10 10:02,220.31
2014/4/10 10:02,219.79
2014/4/10 10:02,221.87
2014/4/10 10:02,221.65
2014/4/10 10:02,221.65
2014/4/10 10:02,209.57
2014/4/10 10:02,218.75
2014/4/10 10:02,218.75
2014/4/10 10:02,218.59
2014/4/10 10:02,222.27
2014/4/10 10:02,214.56
2014/4/10 10:02,219.09
2014/4/10 10:03,216.43
2014/4/10 10:03,218.62
2014/4/10 10:03,220.07
2014/4/10 10:03,216.6
2014/4/10 10:03,216.42
2014/4/10 10:03,222.93
2014/4/10 10:03,219.29
2014/4/10 10:03,215.2
2014/4/10 10:03,206.86
2014/4/10 10:03,220.01
2014/4/10 10:03,220.01
2014/4/10 10:03,228.59
2014/4/10 10:03,216.87
2014/4/10 10:03,212.52
2014/4/10 10:03,220.11
2014/4/10 10:03,214.69
2014/4/10 10:03,212.9
2014/4/10 10:03,216.63
2014/4/10 10:03,214.35
2014/4/10 10:03,217.28
2014/4/10 10:03,216.3
2014/4/10 10:03,215.95
2014/4/10 10:03,215.87
2014/4/10 10:03,228.13
2014/4/10 10:03,217.89
2014/4/10 10:03,220.8
2014/4/10 10:03,216.43
2014/4/10 10:03,216.43
2014/4/10 10:03,213.9
2014/4/10 10:03,222.34
2014/4/10 10:03,213.42
2014/4/10 10:03,215.72
2014/4/10 10:03,207.45
2014/4/10 10:03,215.19
2014/4/10 10:03,221.95
2014/4/10 10:03,213.04
2014/4/10 10:03,227.75
2014/4/10 10:03,213.65
2014/4/10 10:03,221.47
2014/4/10 10:03,222.38
2014/4/10 10:03,221.54
2014/4/10 10:03,218.42
2014/4/10 10:03,215.81
2014/4/10 10:03,221
2014/4/10 10:03,221
2014/4/10 10:03,214.03
2014/4/10 10:03,214.24
2014/4/10 10:03,220.01
2014/4/10 10:03,218.37
2014/4/10 10:03,219.76
2014/4/10 10:03,212.11
2014/4/10 10:03,220.41
2014/4/10 10:03,217.3
2014/4/10 10:03,218.22
2014/4/10 10:03,216.82
2014/4/10 10:03,220.56
2014/4/10 10:03,214.82
2014/4/10 10:03,218.16
2014/4/10 10:03,216.99
2014/4/10 10:03,215.97
2014/4/10 10:04,218.3
2014/4/10 10:04,218.3
2014/4/10 10:04,221.01
2014/4/10 10:04,221.01
2014/4/10 10:04,223.55
2014/4/10 10:04,222.78
2014/4/10 10:04,215.43
2014/4/10 10:04,221.28
2014/4/10 10:04,222.89
2014/4/10 10:04,217.89
2014/4/10 10:04,216.83
2014/4/10 10:04,228.55
2014/4/10 10:04,219.3
2014/4/10 10:04,223.45
2014/4/10 10:04,214.72
2014/4/10 10:04,216.26
2014/4/10 10:04,229.03
2014/4/10 10:04,211.09
2014/4/10 10:04,212.43
2014/4/10 10:04,209.58
2014/4/10 10:04,215.42
2014/4/10 10:04,221.59
2014/4/10 10:04,215.63
2014/4/10 10:04,216.1
2014/4/10 10:04,216.96
2014/4/10 10:04,222.08
2014/4/10 10:04,220.76
2014/4/10 10:04,222.38
2014/4/10 10:04,210.36
2014/4/10 10:04,222.46
2014/4/10 10:04,219.75
2014/4/10 10:04,0
2014/4/10 10:04,0
2014/4/10 10:04,0
2014/4/10 10:04,0
2014/4/10 10:04,0
2014/4/10 10:04,0
2014/4/10 10:04,0
2014/4/10 10:04,0
2014/4/10 10:04,0
2014/4/10 10:04,0
2014/4/10 10:04,0
2014/4/10 10:04,213.06
2014/4/10 10:04,211.41
2014/4/10 10:04,210.07
2014/4/10 10:04,219.74
2014/4/10 10:04,209.5
2014/4/10 10:04,205.13
2014/4/10 10:04,207.17
2014/4/10 10:04,206.74
2014/4/10 10:04,211.22
2014/4/10 10:04,209.96
2014/4/10 10:04,209.1
2014/4/10 10:04,210.18
2014/4/10 10:04,212.25
2014/4/10 10:04,207.79
2014/4/10 10:04,207.79
2014/4/10 10:04,202.31
2014/4/10 10:04,210.97
2014/4/10 10:04,217.82
2014/4/10 10:05,209.01
2014/4/10 10:05,215.71
2014/4/10 10:05,202.72
2014/4/10 10:05,213.68
2014/4/10 10:05,202.58
2014/4/10 10:05,214.29
2014/4/10 10:05,202
2014/4/10 10:05,198.2
2014/4/10 10:05,211.45
2014/4/10 10:05,208.43
2014/4/10 10:05,209.71
2014/4/10 10:05,0
2014/4/10 10:05,209.71
2014/4/10 10:05,207.27
2014/4/10 10:05,206.76
2014/4/10 10:05,212.18
2014/4/10 10:05,208.7
2014/4/10 10:05,212.92
2014/4/10 10:05,208.78
2014/4/10 10:05,213.16
2014/4/10 10:05,209.65
2014/4/10 10:05,205.94
2014/4/10 10:05,205.27
2014/4/10 10:05,208.42
2014/4/10 10:05,212.33
2014/4/10 10:05,214.52
2014/4/10 10:05,219.03
2014/4/10 10:05,209.98
2014/4/10 10:05,-1
2014/4/10 10:05,-1
2014/4/10 10:05,-2
2014/4/10 10:05,210.73
2014/4/10 10:05,215.34
2014/4/10 10:05,209.45
2014/4/10 10:05,216.81
2014/4/10 10:05,215.75
2014/4/10 10:05,205.89
2014/4/10 10:05,-2
2014/4/10 10:05,-1
2014/4/10 10:05,-1
2014/4/10 10:05,233.37
2014/4/10 10:05,213.14
2014/4/10 10:05,211.18
2014/4/10 10:05,207.27
2014/4/10 10:05,212.19
2014/4/10 10:05,210.93
2014/4/10 10:05,210.93
2014/4/10 10:05,207.27
2014/4/10 10:05,210.02
2014/4/10 10:05,207.65
2014/4/10 10:05,211.96
2014/4/10 10:05,213.27
2014/4/10 10:05,203.37
2014/4/10 10:05,213.49
2014/4/10 10:05,213.96
2014/4/10 10:05,213.31
2014/4/10 10:05,214.06
2014/4/10 10:05,207.34
2014/4/10 10:05,204.04
2014/4/10 10:05,200.75
2014/4/10 10:06,211.35
2014/4/10 10:06,-2
2014/4/10 10:06,-1
2014/4/10 10:06,-1
2014/4/10 10:06,213.98
2014/4/10 10:06,-1
2014/4/10 10:06,213.62
2014/4/10 10:06,213.62
2014/4/10 10:06,210.48
2014/4/10 10:06,211.96
2014/4/10 10:06,213.92
2014/4/10 10:06,213.68
2014/4/10 10:06,208.78
2014/4/10 10:06,212.96
2014/4/10 10:06,212.03
2014/4/10 10:06,210.73
2014/4/10 10:06,217.56
2014/4/10 10:06,217.12
2014/4/10 10:06,207.94
2014/4/10 10:06,209.27
2014/4/10 10:06,209.27
2014/4/10 10:06,208.47
2014/4/10 10:06,213.49
2014/4/10 10:06,205.33
2014/4/10 10:06,213.41
2014/4/10 10:06,214.26
2014/4/10 10:06,210.4
2014/4/10 10:06,219.01
2014/4/10 10:06,205.83
2014/4/10 10:06,213.51
2014/4/10 10:06,214.82
2014/4/10 10:06,214.32
2014/4/10 10:06,214.2
2014/4/10 10:06,209.06
2014/4/10 10:06,211.36
2014/4/10 10:06,212.68
2014/4/10 10:06,-2
2014/4/10 10:06,-2
2014/4/10 10:06,-1
2014/4/10 10:06,209.18
2014/4/10 10:06,208.78
2014/4/10 10:06,207.18
2014/4/10 10:06,-1
2014/4/10 10:06,-1
2014/4/10 10:06,207.59
2014/4/10 10:06,213.29
2014/4/10 10:06,209.08
2014/4/10 10:06,219.87
2014/4/10 10:06,205.96
2014/4/10 10:06,211.16
2014/4/10 10:06,212.67
2014/4/10 10:06,212.54
2014/4/10 10:06,218.82
2014/4/10 10:06,215
2014/4/10 10:06,215
2014/4/10 10:06,208.62
2014/4/10 10:06,200.95
2014/4/10 10:06,200.95
2014/4/10 10:06,206.26
2014/4/10 10:06,209.04
2014/4/10 10:07,208.71
2014/4/10 10:07,212.49
2014/4/10 10:07,207.1
2014/4/10 10:07,213.15
2014/4/10 10:07,209.32
2014/4/10 10:07,218.11
2014/4/10 10:07,206.16
2014/4/10 10:07,205.58
2014/4/10 10:07,212.91
2014/4/10 10:07,216.3
2014/4/10 10:07,-2
2014/4/10 10:07,-2
2014/4/10 10:07,-1
2014/4/10 10:07,214.24
2014/4/10 10:07,212.97
2014/4/10 10:07,212.7
2014/4/10 10:07,206.38
2014/4/10 10:07,204.48
2014/4/10 10:07,213.65
2014/4/10 10:07,215.6
2014/4/10 10:07,211.08
2014/4/10 10:07,210.27
2014/4/10 10:07,214.36
2014/4/10 10:07,211.2
2014/4/10 10:07,214.76
2014/4/10 10:07,211.56
2014/4/10 10:07,203.19
2014/4/10 10:07,211.02
2014/4/10 10:07,211.02
2014/4/10 10:07,216.36
2014/4/10 10:07,211.91
2014/4/10 10:07,211.91
2014/4/10 10:07,212.21
2014/4/10 10:07,210.3
2014/4/10 10:07,214.17
2014/4/10 10:07,210
2014/4/10 10:07,208.98
2014/4/10 10:07,212.93
2014/4/10 10:07,210.96
2014/4/10 10:07,202.04
2014/4/10 10:07,209.33
2014/4/10 10:07,217.06
2014/4/10 10:07,207.37
2014/4/10 10:07,212.43
2014/4/10 10:07,205.78
2014/4/10 10:07,206.29
2014/4/10 10:07,206.29
2014/4/10 10:07,205.48
2014/4/10 10:07,205.48
2014/4/10 10:07,203.83
2014/4/10 10:07,203.83
2014/4/10 10:07,209.55
2014/4/10 10:07,219.49
2014/4/10 10:07,206.45
2014/4/10 10:07,211.43
2014/4/10 10:07,214.46
2014/4/10 10:07,206.48
2014/4/10 10:07,208.17
2014/4/10 10:07,211.75
2014/4/10 10:07,205.59
2014/4/10 10:08,215.59
2014/4/10 10:08,205.35
2014/4/10 10:08,212.51
2014/4/10 10:08,212.51
2014/4/10 10:08,211.48
2014/4/10 10:08,220.04
2014/4/10 10:08,217.61
2014/4/10 10:08,212.87
2014/4/10 10:08,200.91
2014/4/10 10:08,211.15
2014/4/10 10:08,208.01
2014/4/10 10:08,207.38
2014/4/10 10:08,217.27
2014/4/10 10:08,-2
2014/4/10 10:08,-1
2014/4/10 10:08,212.59
2014/4/10 10:08,213.96
2014/4/10 10:08,213.79
2014/4/10 10:08,-2
2014/4/10 10:08,-1
2014/4/10 10:08,207.91
2014/4/10 10:08,214.94
2014/4/10 10:08,212.29
2014/4/10 10:08,212.29
2014/4/10 10:08,212.07
2014/4/10 10:08,204.06
2014/4/10 10:08,214.11
2014/4/10 10:08,-2
2014/4/10 10:08,-1
2014/4/10 10:08,-1
2014/4/10 10:08,206.98
2014/4/10 10:08,210.72
2014/4/10 10:08,199.59
2014/4/10 10:08,211.28
2014/4/10 10:08,206.8
2014/4/10 10:08,209.08
2014/4/10 10:08,208.35
2014/4/10 10:08,212.31
2014/4/10 10:08,209.18
2014/4/10 10:08,209.18
2014/4/10 10:08,211.73
2014/4/10 10:08,209.58
2014/4/10 10:08,210.19
2014/4/10 10:08,205.29
2014/4/10 10:08,203.18
2014/4/10 10:08,202.62
2014/4/10 10:08,215.39
2014/4/10 10:08,210.3
2014/4/10 10:08,208.24
2014/4/10 10:08,217.33
2014/4/10 10:08,213.04
2014/4/10 10:08,213.96
2014/4/10 10:08,215.9
2014/4/10 10:08,212.25
2014/4/10 10:08,214.14
2014/4/10 10:08,213.7
2014/4/10 10:08,-2
2014/4/10 10:08,-2
2014/4/10 10:08,216.21
2014/4/10 10:08,215.62
2014/4/10 10:09,214.99
2014/4/10 10:09,204.94
2014/4/10 10:09,204.82
2014/4/10 10:09,208.56
2014/4/10 10:09,209.88
2014/4/10 10:09,216.22
2014/4/10 10:09,211.49
2014/4/10 10:09,212.18
2014/4/10 10:09,207.36
2014/4/10 10:09,206.39
2014/4/10 10:09,213.3
2014/4/10 10:09,0
2014/4/10 10:09,212.73
2014/4/10 10:09,214.65
2014/4/10 10:09,208.3
2014/4/10 10:09,210.99
2014/4/10 10:09,210.58
2014/4/10 10:09,217.28
2014/4/10 10:09,214.1
2014/4/10 10:09,206.89
2014/4/10 10:09,209.8
2014/4/10 10:09,206.2
2014/4/10 10:09,213.02
2014/4/10 10:09,208.85
2014/4/10 10:09,214.49
2014/4/10 10:09,212.8
2014/4/10 10:09,202.28
2014/4/10 10:09,228.41
2014/4/10 10:09,228.41
2014/4/10 10:09,212.28
2014/4/10 10:09,212.28
2014/4/10 10:09,209.91
2014/4/10 10:09,208.79
2014/4/10 10:09,208.53
2014/4/10 10:09,214.78
2014/4/10 10:09,-2
2014/4/10 10:09,-1
2014/4/10 10:09,-1
2014/4/10 10:09,209.64
2014/4/10 10:09,215.93
2014/4/10 10:09,-2
2014/4/10 10:09,0
2014/4/10 10:09,0
2014/4/10 10:09,0
2014/4/10 10:09,0
2014/4/10 10:09,0
2014/4/10 10:09,0
2014/4/10 10:09,0
2014/4/10 10:09,0
2014/4/10 10:09,0
2014/4/10 10:09,0
2014/4/10 10:09,0
2014/4/10 10:09,203.12
2014/4/10 10:09,208.2
2014/4/10 10:09,202.01
2014/4/10 10:09,201.16
2014/4/10 10:09,201.16
2014/4/10 10:09,196.19
2014/4/10 10:09,197.75
2014/4/10 10:09,205.97
2014/4/10 10:10,196.07
2014/4/10 10:10,209.96
2014/4/10 10:10,200.54
2014/4/10 10:10,202.1
2014/4/10 10:10,202.25
2014/4/10 10:10,-1
2014/4/10 10:10,196.48
2014/4/10 10:10,201.98
2014/4/10 10:10,202.21
2014/4/10 10:10,205.09
2014/4/10 10:10,201.22
2014/4/10 10:10,201.39
2014/4/10 10:10,201.39
2014/4/10 10:10,206.45
2014/4/10 10:10,202.82
2014/4/10 10:10,201.89
2014/4/10 10:10,200.77
2014/4/10 10:10,206.11
2014/4/10 10:10,-2
2014/4/10 10:10,-1
2014/4/10 10:10,-1
2014/4/10 10:10,0
2014/4/10 10:10,-1
2014/4/10 10:10,208.71
2014/4/10 10:10,196.97
2014/4/10 10:10,201.32
2014/4/10 10:10,-2
2014/4/10 10:10,-2
2014/4/10 10:10,-2
2014/4/10 10:10,-1
2014/4/10 10:10,205.07
2014/4/10 10:10,200.53
2014/4/10 10:10,202.94
2014/4/10 10:10,-2
2014/4/10 10:10,-1
2014/4/10 10:10,-1
2014/4/10 10:10,204.62
2014/4/10 10:10,205.29
2014/4/10 10:10,206.15
2014/4/10 10:10,206.8
2014/4/10 10:10,201.03
2014/4/10 10:10,199.53
2014/4/10 10:10,207.39
2014/4/10 10:10,208.8
2014/4/10 10:10,208.8
2014/4/10 10:10,199.77
2014/4/10 10:10,212.92
2014/4/10 10:10,202.31
2014/4/10 10:10,207.53
2014/4/10 10:10,205.36
2014/4/10 10:10,199.7
2014/4/10 10:10,202.47
2014/4/10 10:10,195.78
2014/4/10 10:10,203.99
2014/4/10 10:10,203.8
2014/4/10 10:10,210.81
2014/4/10 10:10,204.47
2014/4/10 10:10,206.26
2014/4/10 10:10,208.49
2014/4/10 10:10,198.25
2014/4/10 10:11,-2
2014/4/10 10:11,-2
2014/4/10 10:11,-2
2014/4/10 10:11,-1
2014/4/10 10:11,194.28
2014/4/10 10:11,205.33
2014/4/10 10:11,208.92
2014/4/10 10:11,-2
2014/4/10 10:11,-1
2014/4/10 10:11,201.43
2014/4/10 10:11,205.08
2014/4/10 10:11,202.34
2014/4/10 10:11,195.28
2014/4/10 10:11,-2
2014/4/10 10:11,-2
2014/4/10 10:11,-1
2014/4/10 10:11,202.29
2014/4/10 10:11,203.29
2014/4/10 10:11,204.76
2014/4/10 10:11,204.76
2014/4/10 10:11,207.03
2014/4/10 10:11,200.28
2014/4/10 10:11,207.31
2014/4/10 10:11,198.83
2014/4/10 10:11,196.78
2014/4/10 10:11,207.47
2014/4/10 10:11,208.7
2014/4/10 10:11,208.52
2014/4/10 10:11,198.6
2014/4/10 10:11,201.76
2014/4/10 10:11,199.98
2014/4/10 10:11,199.98
2014/4/10 10:11,207.07
2014/4/10 10:11,206.07
2014/4/10 10:11,201.51
2014/4/10 10:11,201.51
2014/4/10 10:11,200.64
2014/4/10 10:11,200.3
2014/4/10 10:11,201.95
2014/4/10 10:11,195.62
2014/4/10 10:11,201.32
2014/4/10 10:11,203.96
2014/4/10 10:11,203.05
2014/4/10 10:11,-2
2014/4/10 10:11,-2
2014/4/10 10:11,-1
2014/4/10 10:11,199.58
2014/4/10 10:11,209.3
2014/4/10 10:11,200.55
2014/4/10 10:11,197.64
2014/4/10 10:11,206.55
2014/4/10 10:11,202.05
2014/4/10 10:11,200.86
2014/4/10 10:11,200.86
2014/4/10 10:11,207.84
2014/4/10 10:11,209.14
2014/4/10 10:11,-2
2014/4/10 10:11,-1
2014/4/10 10:11,193.87
2014/4/10 10:11,191.38
2014/4/10 10:12,205.52
2014/4/10 10:12,198.01
2014/4/10 10:12,197.82
2014/4/10 10:12,199.85
2014/4/10 10:12,203.33
2014/4/10 10:12,196.62
2014/4/10 10:12,201.17
2014/4/10 10:12,201.02
2014/4/10 10:12,203
2014/4/10 10:12,203
2014/4/10 10:12,201.84
2014/4/10 10:12,-2
2014/4/10 10:12,-1
2014/4/10 10:12,-1
2014/4/10 10:12,202.43
2014/4/10 10:12,209.05
2014/4/10 10:12,197.61
2014/4/10 10:12,201.77
2014/4/10 10:12,198.6
2014/4/10 10:12,197.12
2014/4/10 10:12,197.42
2014/4/10 10:12,-2
2014/4/10 10:12,204.13
2014/4/10 10:12,204.13
2014/4/10 10:12,200.56
2014/4/10 10:12,201.92
2014/4/10 10:12,202.06
2014/4/10 10:12,202.06
2014/4/10 10:12,204.13
2014/4/10 10:12,194.73
2014/4/10 10:12,200.25
2014/4/10 10:12,207.53
2014/4/10 10:12,200.08
2014/4/10 10:12,205.49
2014/4/10 10:12,199.74
2014/4/10 10:12,203
2014/4/10 10:12,197.78
2014/4/10 10:12,210.42
2014/4/10 10:12,191.11
2014/4/10 10:12,209.82
2014/4/10 10:12,198.37
2014/4/10 10:12,-1
2014/4/10 10:12,203.54
2014/4/10 10:12,202.35
2014/4/10 10:12,202.35
2014/4/10 10:12,202.12
2014/4/10 10:12,200.58
2014/4/10 10:12,196.54
2014/4/10 10:12,206.04
2014/4/10 10:12,201.95
2014/4/10 10:12,190.56
2014/4/10 10:12,202.63
2014/4/10 10:12,206.69
2014/4/10 10:12,199.47
2014/4/10 10:12,203.77
2014/4/10 10:12,-2
2014/4/10 10:12,-1
2014/4/10 10:12,193.81
2014/4/10 10:12,206.2
2014/4/10 10:12,207.76
2014/4/10 10:13,204.81
2014/4/10 10:13,203.44
2014/4/10 10:13,203.44
2014/4/10 10:13,198.62
2014/4/10 10:13,202.6
2014/4/10 10:13,199.94
2014/4/10 10:13,202.9
2014/4/10 10:13,199.54
2014/4/10 10:13,205.34
2014/4/10 10:13,203.36
2014/4/10 10:13,199.51
2014/4/10 10:13,200.78
2014/4/10 10:13,203.12
2014/4/10 10:13,201.78
2014/4/10 10:13,206.88
2014/4/10 10:13,199.33
2014/4/10 10:13,207.73
2014/4/10 10:13,-1
2014/4/10 10:13,-1
2014/4/10 10:13,-1
2014/4/10 10:13,201.39
2014/4/10 10:13,200.49
2014/4/10 10:13,210.64
2014/4/10 10:13,-2
2014/4/10 10:13,-2
2014/4/10 10:13,-1
2014/4/10 10:13,202.92
2014/4/10 10:13,205.29
2014/4/10 10:13,193.92
2014/4/10 10:13,204.1
2014/4/10 10:13,197.1
2014/4/10 10:13,199.18
2014/4/10 10:13,199.18
2014/4/10 10:13,202.63
2014/4/10 10:13,198.67
2014/4/10 10:13,205.98
2014/4/10 10:13,205.98
2014/4/10 10:13,204.92
2014/4/10 10:13,203.46
2014/4/10 10:13,217.95
2014/4/10 10:13,193.97
2014/4/10 10:13,207.3
2014/4/10 10:13,203.35
2014/4/10 10:13,203.4
2014/4/10 10:13,203.21
2014/4/10 10:13,211.14
2014/4/10 10:13,199.44
2014/4/10 10:13,200.06
2014/4/10 10:13,201.88
2014/4/10 10:13,-2
2014/4/10 10:13,-1
2014/4/10 10:13,213.26
2014/4/10 10:13,213.26
2014/4/10 10:13,208.6
2014/4/10 10:13,206.02
2014/4/10 10:13,210.5
2014/4/10 10:13,202.99
2014/4/10 10:13,206.08
2014/4/10 10:13,198.4
2014/4/10 10:13,203.38
2014/4/10 10:14,194.46
2014/4/10 10:14,188.94
2014/4/10 10:14,206.45
2014/4/10 10:14,207.79
2014/4/10 10:14,196.48
2014/4/10 10:14,206.47
2014/4/10 10:14,203.78
2014/4/10 10:14,199.1
2014/4/10 10:14,202.41
2014/4/10 10:14,203.1
2014/4/10 10:14,203.1
2014/4/10 10:14,204.11
2014/4/10 10:14,209.09
2014/4/10 10:14,200.47
2014/4/10 10:14,-2
2014/4/10 10:14,-1
2014/4/10 10:14,209.47
2014/4/10 10:14,206.51
2014/4/10 10:14,201.42
2014/4/10 10:14,203.46
2014/4/10 10:14,199.36
2014/4/10 10:14,0
2014/4/10 10:14,199.36
2014/4/10 10:14,-1
2014/4/10 10:14,202.8
2014/4/10 10:14,198.94
2014/4/10 10:14,202.85
2014/4/10 10:14,207.22
2014/4/10 10:14,205.75
2014/4/10 10:14,205.75
2014/4/10 10:14,-2
2014/4/10 10:14,-1
2014/4/10 10:14,199.84
2014/4/10 10:14,202.39
2014/4/10 10:14,200.88
2014/4/10 10:14,-2
2014/4/10 10:14,-1
2014/4/10 10:14,-1
2014/4/10 10:14,206.94
2014/4/10 10:14,199.04
2014/4/10 10:14,201.8
2014/4/10 10:14,195.92
2014/4/10 10:14,202.57
2014/4/10 10:14,202.8
2014/4/10 10:14,198.99
2014/4/10 10:14,203.28
2014/4/10 10:14,202.72
2014/4/10 10:14,199.67
2014/4/10 10:14,199.67
2014/4/10 10:14,202.53
2014/4/10 10:14,207.51
2014/4/10 10:14,-2
2014/4/10 10:14,0
2014/4/10 10:14,0
2014/4/10 10:14,0
2014/4/10 10:14,0
2014/4/10 10:14,0
2014/4/10 10:14,0
2014/4/10 10:14,0
2014/4/10 10:14,0
2014/4/10 10:15,0
2014/4/10 10:15,0
2014/4/10 10:15,0
2014/4/10 10:15,-1
2014/4/10 10:15,-1
2014/4/10 10:15,195.06
2014/4/10 10:15,198.02
2014/4/10 10:15,-2
2014/4/10 10:15,-1
2014/4/10 10:15,195.58
2014/4/10 10:15,188.61
2014/4/10 10:15,203.69
2014/4/10 10:15,197.52
2014/4/10 10:15,192.78
2014/4/10 10:15,194.46
2014/4/10 10:15,-2
2014/4/10 10:15,-1
2014/4/10 10:15,-2
2014/4/10 10:15,-1
2014/4/10 10:15,185.08
2014/4/10 10:15,185.08
2014/4/10 10:15,-2
2014/4/10 10:15,-2
2014/4/10 10:15,-1
2014/4/10 10:15,197.27
2014/4/10 10:15,202.29
2014/4/10 10:15,-2
2014/4/10 10:15,-1
2014/4/10 10:15,196.17
2014/4/10 10:15,189.8
2014/4/10 10:15,195.75
2014/4/10 10:15,-2
2014/4/10 10:15,0
2014/4/10 10:15,-2
2014/4/10 10:15,-2
2014/4/10 10:15,-1
2014/4/10 10:15,199.15
2014/4/10 10:15,-2
2014/4/10 10:15,-1
2014/4/10 10:15,-2
2014/4/10 10:15,-1
2014/4/10 10:15,-1
2014/4/10 10:15,193.54
2014/4/10 10:15,192.38
2014/4/10 10:15,196.83
2014/4/10 10:15,200.54
2014/4/10 10:15,190.72
2014/4/10 10:15,200.48
2014/4/10 10:15,194.03
2014/4/10 10:15,-2
2014/4/10 10:15,-2
2014/4/10 10:15,-1
2014/4/10 10:15,-2
2014/4/10 10:15,192.14
2014/4/10 10:15,193.66
2014/4/10 10:15,193.66
2014/4/10 10:15,195.61
2014/4/10 10:15,195.54
2014/4/10 10:15,-1
2014/4/10 10:15,-1
2014/4/10 10:16,192.33
2014/4/10 10:16,-2
2014/4/10 10:16,-1
2014/4/10 10:16,189.67
2014/4/10 10:16,193.15
2014/4/10 10:16,201.04
2014/4/10 10:16,195.41
2014/4/10 10:16,195.41
2014/4/10 10:16,196.42
2014/4/10 10:16,211.92
2014/4/10 10:16,-2
2014/4/10 10:16,-1
2014/4/10 10:16,198.72
2014/4/10 10:16,198.4
2014/4/10 10:16,193.13
2014/4/10 10:16,197.75
2014/4/10 10:16,201.38
2014/4/10 10:16,194.03
2014/4/10 10:16,194.96
2014/4/10 10:16,197.23
2014/4/10 10:16,197.51
2014/4/10 10:16,191.41
2014/4/10 10:16,192.6
2014/4/10 10:16,187.5
2014/4/10 10:16,187.5
2014/4/10 10:16,185.77
2014/4/10 10:16,-2
2014/4/10 10:16,-1
2014/4/10 10:16,-1
2014/4/10 10:16,195.27
2014/4/10 10:16,197.12
2014/4/10 10:16,-2
2014/4/10 10:16,-1
2014/4/10 10:16,188.59
2014/4/10 10:16,198.21
2014/4/10 10:16,185.22
2014/4/10 10:16,190.25
2014/4/10 10:16,-2
2014/4/10 10:16,-1
2014/4/10 10:16,199.75
2014/4/10 10:16,195.08
2014/4/10 10:16,195.08
2014/4/10 10:16,193.71
2014/4/10 10:16,188.9
2014/4/10 10:16,-2
2014/4/10 10:16,-2
2014/4/10 10:16,-2
2014/4/10 10:16,-1
2014/4/10 10:16,-2
2014/4/10 10:16,-1
2014/4/10 10:16,199.49
2014/4/10 10:16,192.52
2014/4/10 10:16,-2
2014/4/10 10:16,-1
2014/4/10 10:16,-2
2014/4/10 10:16,-1
2014/4/10 10:16,193.01
2014/4/10 10:16,191.62
2014/4/10 10:16,189.51
2014/4/10 10:16,189.51
2014/4/10 10:17,189.87
2014/4/10 10:17,200.61
2014/4/10 10:17,188.41
2014/4/10 10:17,193.77
2014/4/10 10:17,191.17
2014/4/10 10:17,-2
2014/4/10 10:17,-1
2014/4/10 10:17,-1
2014/4/10 10:17,-2
2014/4/10 10:17,-1
2014/4/10 10:17,199.9
2014/4/10 10:17,203.2
2014/4/10 10:17,197.67
2014/4/10 10:17,192.41
2014/4/10 10:17,196.48
2014/4/10 10:17,-1
2014/4/10 10:17,-1
2014/4/10 10:17,202.54
2014/4/10 10:17,185.45
2014/4/10 10:17,-1
2014/4/10 10:17,190.68
2014/4/10 10:17,-1
2014/4/10 10:17,-1
2014/4/10 10:17,-2
2014/4/10 10:17,-1
2014/4/10 10:17,196.34
2014/4/10 10:17,-2
2014/4/10 10:17,-1
2014/4/10 10:17,-2
2014/4/10 10:17,-1
2014/4/10 10:17,-1
2014/4/10 10:17,192.6
2014/4/10 10:17,192.6
2014/4/10 10:17,-1
2014/4/10 10:17,-1
2014/4/10 10:17,183.93
2014/4/10 10:17,-2
2014/4/10 10:17,-1
2014/4/10 10:17,192.7
2014/4/10 10:17,-2
2014/4/10 10:17,-2
2014/4/10 10:17,-1
2014/4/10 10:17,194.74
2014/4/10 10:17,191.89
2014/4/10 10:17,194.32
2014/4/10 10:17,-2
2014/4/10 10:17,-2
2014/4/10 10:17,-1
2014/4/10 10:17,-1
2014/4/10 10:17,195.21
2014/4/10 10:17,195.21
2014/4/10 10:17,192.15
2014/4/10 10:17,196.91
2014/4/10 10:17,196.91
2014/4/10 10:17,200.54
2014/4/10 10:17,201.64
2014/4/10 10:17,197.53
2014/4/10 10:17,196.44
2014/4/10 10:17,196.67
2014/4/10 10:17,194.31
2014/4/10 10:18,201.71
2014/4/10 10:18,196.99
2014/4/10 10:18,196.25
2014/4/10 10:18,195.42
2014/4/10 10:18,-2
2014/4/10 10:18,-1
2014/4/10 10:18,192.9
2014/4/10 10:18,192.9
2014/4/10 10:18,190.14
2014/4/10 10:18,188.78
2014/4/10 10:18,-1
2014/4/10 10:18,195.71
2014/4/10 10:18,190.82
2014/4/10 10:18,-1
2014/4/10 10:18,-2
2014/4/10 10:18,-2
2014/4/10 10:18,-1
2014/4/10 10:18,-2
2014/4/10 10:18,-2
2014/4/10 10:18,-2
2014/4/10 10:18,-2
2014/4/10 10:18,-2
2014/4/10 10:18,-1
2014/4/10 10:18,197.05
2014/4/10 10:18,197.05
2014/4/10 10:18,200.87
2014/4/10 10:18,189.58
2014/4/10 10:18,-1
2014/4/10 10:18,-2
2014/4/10 10:18,-1
2014/4/10 10:18,-2
2014/4/10 10:18,-1
2014/4/10 10:18,-1
2014/4/10 10:18,183.46
2014/4/10 10:18,196.32
2014/4/10 10:18,196
2014/4/10 10:18,189.24
2014/4/10 10:18,187.4
2014/4/10 10:18,194.59
2014/4/10 10:18,197.01
2014/4/10 10:18,184.91
2014/4/10 10:18,196.3
2014/4/10 10:18,196.3
2014/4/10 10:18,-2
2014/4/10 10:18,-1
2014/4/10 10:18,184.36
2014/4/10 10:18,184.36
2014/4/10 10:18,-2
2014/4/10 10:18,-2
2014/4/10 10:18,-1
2014/4/10 10:18,194.89
2014/4/10 10:18,-2
2014/4/10 10:18,-1
2014/4/10 10:18,-2
2014/4/10 10:18,-1
2014/4/10 10:18,193.98
2014/4/10 10:18,193.44
2014/4/10 10:18,-1
2014/4/10 10:18,-1
2014/4/10 10:18,-2
2014/4/10 10:19,-2
2014/4/10 10:19,-1
2014/4/10 10:19,-2
2014/4/10 10:19,-1
2014/4/10 10:19,195.36
2014/4/10 10:19,198.73
2014/4/10 10:19,196.96
2014/4/10 10:19,199.52
2014/4/10 10:19,195.68
2014/4/10 10:19,190.73
2014/4/10 10:19,-1
2014/4/10 10:19,-1
2014/4/10 10:19,186.84
2014/4/10 10:19,186.84
2014/4/10 10:19,-2
2014/4/10 10:19,190.21
2014/4/10 10:19,-2
2014/4/10 10:19,-1
2014/4/10 10:19,195.49
2014/4/10 10:19,188.95
2014/4/10 10:19,193.06
2014/4/10 10:19,193.93
2014/4/10 10:19,195.36
2014/4/10 10:19,193.43
2014/4/10 10:19,199.26
2014/4/10 10:19,198.69
2014/4/10 10:19,194.65
2014/4/10 10:19,-2
2014/4/10 10:19,-1
2014/4/10 10:19,193.49
2014/4/10 10:19,-1
2014/4/10 10:19,0
2014/4/10 10:19,-1
2014/4/10 10:19,-2
2014/4/10 10:19,-1
2014/4/10 10:19,195.49
2014/4/10 10:19,193.04
2014/4/10 10:19,189.3
2014/4/10 10:19,-2
2014/4/10 10:19,-1
2014/4/10 10:19,196.88
2014/4/10 10:19,198.48
2014/4/10 10:19,185.24
2014/4/10 10:19,191.31
2014/4/10 10:19,-2
2014/4/10 10:19,-1
2014/4/10 10:19,-2
2014/4/10 10:19,-1
2014/4/10 10:19,195.01
2014/4/10 10:19,187.31
2014/4/10 10:19,202.72
2014/4/10 10:19,-2
2014/4/10 10:19,-2
2014/4/10 10:19,-1
2014/4/10 10:19,-1
2014/4/10 10:19,-1
2014/4/10 10:19,194.97
2014/4/10 10:19,195.63
2014/4/10 10:19,189.19
2014/4/10 10:19,197.54
2014/4/10 10:20,192.69
2014/4/10 10:20,204.29
2014/4/10 10:20,0
2014/4/10 10:20,0
2014/4/10 10:20,0
2014/4/10 10:20,0
2014/4/10 10:20,0
2014/4/10 10:20,0
2014/4/10 10:20,0
2014/4/10 10:20,0
2014/4/10 10:20,0
2014/4/10 10:20,0
2014/4/10 10:20,0
2014/4/10 10:20,-2
2014/4/10 10:20,-2
2014/4/10 10:20,-1
2014/4/10 10:20,-1
2014/4/10 10:20,184.66
2014/4/10 10:20,-2
2014/4/10 10:20,-1
2014/4/10 10:20,-2
2014/4/10 10:20,-2
2014/4/10 10:20,-1
2014/4/10 10:20,180.91
2014/4/10 10:20,180.91
2014/4/10 10:20,-1
2014/4/10 10:20,-2
2014/4/10 10:20,-2
2014/4/10 10:20,-2
2014/4/10 10:20,-1
2014/4/10 10:20,-2
2014/4/10 10:20,-2
2014/4/10 10:20,-2
2014/4/10 10:20,-1
2014/4/10 10:20,-1
2014/4/10 10:20,-2
2014/4/10 10:20,-2
2014/4/10 10:20,-2
2014/4/10 10:20,-2
2014/4/10 10:20,-2
2014/4/10 10:20,-2
2014/4/10 10:20,-2
2014/4/10 10:20,0
2014/4/10 10:20,-2
2014/4/10 10:20,-2
2014/4/10 10:20,-1
2014/4/10 10:20,-2
2014/4/10 10:20,-2
2014/4/10 10:20,-2
2014/4/10 10:20,-2
2014/4/10 10:20,-1
2014/4/10 10:20,186.01
2014/4/10 10:20,-1
2014/4/10 10:20,-1
2014/4/10 10:20,-1
2014/4/10 10:20,-2
2014/4/10 10:20,-2
2014/4/10 10:20,-2
2014/4/10 10:20,-2
2014/4/10 10:20,-2
2014/4/10 10:21,-2
2014/4/10 10:21,-2
2014/4/10 10:21,-1
2014/4/10 10:21,-2
2014/4/10 10:21,-2
2014/4/10 10:21,-2
2014/4/10 10:21,-1
2014/4/10 10:21,-1
2014/4/10 10:21,-1
2014/4/10 10:21,-2
2014/4/10 10:21,-1
2014/4/10 10:21,180.34
2014/4/10 10:21,192.22
2014/4/10 10:21,-2
2014/4/10 10:21,-2
2014/4/10 10:21,-2
2014/4/10 10:21,-1
2014/4/10 10:21,-2
2014/4/10 10:21,-1
2014/4/10 10:21,-2
2014/4/10 10:21,-2
2014/4/10 10:21,-2
2014/4/10 10:21,-1
2014/4/10 10:21,-1
2014/4/10 10:21,-2
2014/4/10 10:21,-1
2014/4/10 10:21,176.25
2014/4/10 10:21,192.64
2014/4/10 10:21,-2
2014/4/10 10:21,-2
2014/4/10 10:21,-1
2014/4/10 10:21,-2
2014/4/10 10:21,-2
2014/4/10 10:21,-2
2014/4/10 10:21,-1
2014/4/10 10:21,-2
2014/4/10 10:21,-1
2014/4/10 10:21,-2
2014/4/10 10:21,-2
2014/4/10 10:21,-2
2014/4/10 10:21,-2
2014/4/10 10:21,-2
2014/4/10 10:21,-2
2014/4/10 10:21,-2
2014/4/10 10:21,-1
2014/4/10 10:21,-2
2014/4/10 10:21,-1
2014/4/10 10:21,-2
2014/4/10 10:21,-1
2014/4/10 10:21,-1
2014/4/10 10:21,-2
2014/4/10 10:21,-1
2014/4/10 10:21,-1
2014/4/10 10:21,188.27
2014/4/10 10:21,-2
2014/4/10 10:21,-2
2014/4/10 10:21,-1
2014/4/10 10:21,186.43
2014/4/10 10:21,186.43
2014/4/10 10:21,-2
2014/4/10 10:22,-1
2014/4/10 10:22,-1
2014/4/10 10:22,-2
2014/4/10 10:22,-2
2014/4/10 10:22,-2
2014/4/10 10:22,193.04
2014/4/10 10:22,-2
2014/4/10 10:22,-2
2014/4/10 10:22,-1
2014/4/10 10:22,-2
2014/4/10 10:22,-2
2014/4/10 10:22,-2
2014/4/10 10:22,-2
2014/4/10 10:22,-1
2014/4/10 10:22,-1
2014/4/10 10:22,-2
2014/4/10 10:22,-1
2014/4/10 10:22,-2
2014/4/10 10:22,-2
2014/4/10 10:22,-2
2014/4/10 10:22,-2
2014/4/10 10:22,-2
2014/4/10 10:22,-1
2014/4/10 10:22,-2
2014/4/10 10:22,-2
2014/4/10 10:22,-1
2014/4/10 10:22,-1
2014/4/10 10:22,-2
2014/4/10 10:22,-1
2014/4/10 10:22,-1
2014/4/10 10:22,-2
2014/4/10 10:22,-2
2014/4/10 10:22,-2
2014/4/10 10:22,-2
2014/4/10 10:22,-1
2014/4/10 10:22,-2
2014/4/10 10:22,-2
2014/4/10 10:22,-2
2014/4/10 10:22,-1
2014/4/10 10:22,188.68
2014/4/10 10:22,-1
2014/4/10 10:22,-2
2014/4/10 10:22,-2
2014/4/10 10:22,-2
2014/4/10 10:22,-1
2014/4/10 10:22,-1
2014/4/10 10:22,-1
2014/4/10 10:22,-2
2014/4/10 10:22,-2
2014/4/10 10:22,-2
2014/4/10 10:22,-2
2014/4/10 10:22,-1
2014/4/10 10:22,-2
2014/4/10 10:22,-1
2014/4/10 10:22,-2
2014/4/10 10:22,-1
2014/4/10 10:22,-2
2014/4/10 10:22,-2
2014/4/10 10:22,-2
2014/4/10 10:22,-1
2014/4/10 10:23,185.54
2014/4/10 10:23,187.75
2014/4/10 10:23,182.81
2014/4/10 10:23,179.92
2014/4/10 10:23,-1
2014/4/10 10:23,-1
2014/4/10 10:23,-1
2014/4/10 10:23,190.43
2014/4/10 10:23,-2
2014/4/10 10:23,-2
2014/4/10 10:23,-1
2014/4/10 10:23,-2
2014/4/10 10:23,-1
2014/4/10 10:23,-1
2014/4/10 10:23,184.89
2014/4/10 10:23,-2
2014/4/10 10:23,-1
2014/4/10 10:23,189.26
2014/4/10 10:23,-2
2014/4/10 10:23,-2
2014/4/10 10:23,-2
2014/4/10 10:23,-2
2014/4/10 10:23,-2
2014/4/10 10:23,-2
2014/4/10 10:23,-2
2014/4/10 10:23,-1
2014/4/10 10:23,-2
2014/4/10 10:23,-2
2014/4/10 10:23,-2
2014/4/10 10:23,-2
2014/4/10 10:23,-1
2014/4/10 10:23,185.88
2014/4/10 10:23,182.15
2014/4/10 10:23,182.88
2014/4/10 10:23,-2
2014/4/10 10:23,-1
2014/4/10 10:23,-2
2014/4/10 10:23,-2
2014/4/10 10:23,-2
2014/4/10 10:23,-2
2014/4/10 10:23,-2
2014/4/10 10:23,-1
2014/4/10 10:23,-2
2014/4/10 10:23,-1
2014/4/10 10:23,178.02
2014/4/10 10:23,-2
2014/4/10 10:23,-2
2014/4/10 10:23,-2
2014/4/10 10:23,-2
2014/4/10 10:23,-1
2014/4/10 10:23,185.94
2014/4/10 10:23,183.9
2014/4/10 10:23,-2
2014/4/10 10:23,-1
2014/4/10 10:23,-2
2014/4/10 10:23,-2
2014/4/10 10:23,-2
2014/4/10 10:23,-2
2014/4/10 10:23,-2
2014/4/10 10:23,-2
2014/4/10 10:24,-2
2014/4/10 10:24,-1
2014/4/10 10:24,-1
2014/4/10 10:24,189.39
2014/4/10 10:24,-2
2014/4/10 10:24,-2
2014/4/10 10:24,-1
2014/4/10 10:24,-1
2014/4/10 10:24,-2
2014/4/10 10:24,-2
2014/4/10 10:24,-1
2014/4/10 10:24,-1
2014/4/10 10:24,182.89
2014/4/10 10:24,193.18
2014/4/10 10:24,193.18
2014/4/10 10:24,-2
2014/4/10 10:24,-2
2014/4/10 10:24,-1
2014/4/10 10:24,-2
2014/4/10 10:24,-1
2014/4/10 10:24,185.55
2014/4/10 10:24,-2
2014/4/10 10:24,-1
2014/4/10 10:24,-1
2014/4/10 10:24,186.28
2014/4/10 10:24,184.36
2014/4/10 10:24,185.91
2014/4/10 10:24,-2
2014/4/10 10:24,-2
2014/4/10 10:24,-2
2014/4/10 10:24,-2
2014/4/10 10:24,-1
2014/4/10 10:24,-1
2014/4/10 10:24,-1
2014/4/10 10:24,-1
2014/4/10 10:24,-2
2014/4/10 10:24,-1
2014/4/10 10:24,-2
2014/4/10 10:24,-1
2014/4/10 10:24,-2
2014/4/10 10:24,-1
2014/4/10 10:24,-2
2014/4/10 10:24,0
2014/4/10 10:24,-2
2014/4/10 10:24,-2
2014/4/10 10:24,-2
2014/4/10 10:24,-1
2014/4/10 10:24,-2
2014/4/10 10:24,-2
2014/4/10 10:24,-2
2014/4/10 10:24,-2
2014/4/10 10:24,-2
2014/4/10 10:24,-1
2014/4/10 10:24,-2
2014/4/10 10:24,-2
2014/4/10 10:24,-2
2014/4/10 10:24,-2
2014/4/10 10:24,-2
2014/4/10 10:24,-2
2014/4/10 10:24,-1
2014/4/10 10:25,-2
2014/4/10 10:25,-1
2014/4/10 10:25,-1
2014/4/10 10:25,-2
2014/4/10 10:25,-2
2014/4/10 10:25,-2
2014/4/10 10:25,-2
2014/4/10 10:25,-1
2014/4/10 10:25,-2
2014/4/10 10:25,-1
2014/4/10 10:25,194.95
2014/4/10 10:25,185.88
2014/4/10 10:25,-2
2014/4/10 10:25,0
2014/4/10 10:25,0
2014/4/10 10:25,0
2014/4/10 10:25,0
2014/4/10 10:25,0
2014/4/10 10:25,0
2014/4/10 10:25,0
2014/4/10 10:25,0
2014/4/10 10:25,0
2014/4/10 10:25,0
2014/4/10 10:25,0
2014/4/10 10:25,-1
2014/4/10 10:25,-2
2014/4/10 10:25,-2
2014/4/10 10:25,-2
2014/4/10 10:25,-2
2014/4/10 10:25,-2
2014/4/10 10:25,-2
2014/4/10 10:25,-2
2014/4/10 10:25,-2
2014/4/10 10:25,-1
2014/4/10 10:25,-2
2014/4/10 10:25,-2
2014/4/10 10:25,-2
2014/4/10 10:25,-1
2014/4/10 10:25,-1
2014/4/10 10:25,-2
2014/4/10 10:25,-2
2014/4/10 10:25,-2
2014/4/10 10:25,-1
2014/4/10 10:25,-1
2014/4/10 10:25,-2
2014/4/10 10:25,-2
2014/4/10 10:25,-2
2014/4/10 10:25,-2
2014/4/10 10:25,-2
2014/4/10 10:25,-2
2014/4/10 10:25,-1
2014/4/10 10:25,-2
2014/4/10 10:25,-2
2014/4/10 10:25,0
2014/4/10 10:25,-2
2014/4/10 10:25,-2
2014/4/10 10:25,-2
2014/4/10 10:25,-2
2014/4/10 10:25,-2
2014/4/10 10:25,-1
2014/4/10 10:26,-1
2014/4/10 10:26,-2
2014/4/10 10:26,-2
2014/4/10 10:26,-2
2014/4/10 10:26,-2
2014/4/10 10:26,-1
2014/4/10 10:26,-2
2014/4/10 10:26,-1
2014/4/10 10:26,-2
2014/4/10 10:26,-2
2014/4/10 10:26,-1
2014/4/10 10:26,-1
2014/4/10 10:26,-1
2014/4/10 10:26,-2
2014/4/10 10:26,-2
2014/4/10 10:26,-2
2014/4/10 10:26,-2
2014/4/10 10:26,-2
2014/4/10 10:26,-2
2014/4/10 10:26,-1
2014/4/10 10:26,-1
2014/4/10 10:26,-2
2014/4/10 10:26,-2
2014/4/10 10:26,-2
2014/4/10 10:26,-2
2014/4/10 10:26,-2
2014/4/10 10:26,-1
2014/4/10 10:26,-2
2014/4/10 10:26,-2
2014/4/10 10:26,-2
2014/4/10 10:26,-1
2014/4/10 10:26,-2
2014/4/10 10:26,-1
2014/4/10 10:26,-2
2014/4/10 10:26,-2
2014/4/10 10:26,-2
2014/4/10 10:26,-2
2014/4/10 10:26,-2
2014/4/10 10:26,-2
2014/4/10 10:26,-2
2014/4/10 10:26,-2
2014/4/10 10:26,-1
2014/4/10 10:26,-1
2014/4/10 10:26,-1
2014/4/10 10:26,-2
2014/4/10 10:26,-2
2014/4/10 10:26,-2
2014/4/10 10:26,-2
2014/4/10 10:26,-2
2014/4/10 10:26,-2
2014/4/10 10:26,-2
2014/4/10 10:26,-2
2014/4/10 10:26,-2
2014/4/10 10:26,-2
2014/4/10 10:26,-1
2014/4/10 10:26,-1
2014/4/10 10:26,-2
2014/4/10 10:26,-2
2014/4/10 10:26,-2
2014/4/10 10:26,-2
2014/4/10 10:27,-2
2014/4/10 10:27,-2
2014/4/10 10:27,-1
2014/4/10 10:27,-2
2014/4/10 10:27,-1
2014/4/10 10:27,-1
2014/4/10 10:27,-2
2014/4/10 10:27,-2
2014/4/10 10:27,-2
2014/4/10 10:27,-2
2014/4/10 10:27,-2
2014/4/10 10:27,-2
2014/4/10 10:27,-1
2014/4/10 10:27,-2
2014/4/10 10:27,-2
2014/4/10 10:27,-2
2014/4/10 10:27,-1
2014/4/10 10:27,-1
2014/4/10 10:27,-2
2014/4/10 10:27,-2
2014/4/10 10:27,-1
2014/4/10 10:27,-2
2014/4/10 10:27,-2
2014/4/10 10:27,-1
2014/4/10 10:27,-2
2014/4/10 10:27,-1
2014/4/10 10:27,-1
2014/4/10 10:27,-2
2014/4/10 10:27,-2
2014/4/10 10:27,-1
2014/4/10 10:27,-2
2014/4/10 10:27,-2
2014/4/10 10:27,-1
2014/4/10 10:27,-1
2014/4/10 10:27,-2
2014/4/10 10:27,-2
2014/4/10 10:27,-2
2014/4/10 10:27,-2
2014/4/10 10:27,-2
2014/4/10 10:27,-1
2014/4/10 10:27,-2
2014/4/10 10:27,-2
2014/4/10 10:27,-1
2014/4/10 10:27,-1
2014/4/10 10:27,-1
2014/4/10 10:27,-1
2014/4/10 10:27,-2
2014/4/10 10:27,-2
2014/4/10 10:27,-2
2014/4/10 10:27,-2
2014/4/10 10:27,-2
2014/4/10 10:27,-2
2014/4/10 10:27,-2
2014/4/10 10:27,-2
2014/4/10 10:27,-2
2014/4/10 10:27,-2
2014/4/10 10:27,-2
2014/4/10 10:27,-1
2014/4/10 10:27,-1
2014/4/10 10:27,-2
2014/4/10 10:28,-2
2014/4/10 10:28,-2
2014/4/10 10:28,-1
2014/4/10 10:28,-1
2014/4/10 10:28,-2
2014/4/10 10:28,-1
2014/4/10 10:28,-2
2014/4/10 10:28,-2
2014/4/10 10:28,-2
2014/4/10 10:28,-2
2014/4/10 10:28,-2
2014/4/10 10:28,-2
2014/4/10 10:28,-1
2014/4/10 10:28,-2
2014/4/10 10:28,-1
2014/4/10 10:28,-2
2014/4/10 10:28,-2
2014/4/10 10:28,-2
2014/4/10 10:28,-1
2014/4/10 10:28,-2
2014/4/10 10:28,-2
2014/4/10 10:28,-2
2014/4/10 10:28,-2
2014/4/10 10:28,-2
2014/4/10 10:28,-2
2014/4/10 10:28,-1
2014/4/10 10:28,-2
2014/4/10 10:28,-2
2014/4/10 10:28,-2
2014/4/10 10:28,-2
2014/4/10 10:28,-2
2014/4/10 10:28,-2
2014/4/10 10:28,-1
2014/4/10 10:28,-2
2014/4/10 10:28,-2
2014/4/10 10:28,-2
2014/4/10 10:28,-2
2014/4/10 10:28,-2
2014/4/10 10:28,-2
2014/4/10 10:28,-2
2014/4/10 10:28,-1
2014/4/10 10:28,-2
2014/4/10 10:28,-1
2014/4/10 10:28,-2
2014/4/10 10:28,-2
2014/4/10 10:28,-2
2014/4/10 10:28,-2
2014/4/10 10:28,-2
2014/4/10 10:28,-2
2014/4/10 10:28,-2
2014/4/10 10:28,-2
2014/4/10 10:28,-2
2014/4/10 10:28,-2
2014/4/10 10:28,-2
2014/4/10 10:28,-2
2014/4/10 10:28,-2
2014/4/10 10:28,-2
2014/4/10 10:28,-2
2014/4/10 10:28,-2
2014/4/10 10:28,-2
2014/4/10 10:29,-2
2014/4/10 10:29,-1
2014/4/10 10:29,-1
2014/4/10 10:29,-2
2014/4/10 10:29,-2
2014/4/10 10:29,-2
2014/4/10 10:29,-2
2014/4/10 10:29,-2
2014/4/10 10:29,-1
2014/4/10 10:29,-1
2014/4/10 10:29,-1
2014/4/10 10:29,-2
2014/4/10 10:29,-2
2014/4/10 10:29,-2
2014/4/10 10:29,-2
2014/4/10 10:29,-1
2014/4/10 10:29,-2
2014/4/10 10:29,-2
2014/4/10 10:29,-2
2014/4/10 10:29,-2
2014/4/10 10:29,-2
2014/4/10 10:29,-1
2014/4/10 10:29,-1
2014/4/10 10:29,-2
2014/4/10 10:29,-2
2014/4/10 10:29,-1
2014/4/10 10:29,-1
2014/4/10 10:29,-1
2014/4/10 10:29,-2
2014/4/10 10:29,-1
2014/4/10 10:29,-2
2014/4/10 10:29,-2
2014/4/10 10:29,-2
2014/4/10 10:29,-2
2014/4/10 10:29,-2
2014/4/10 10:29,-1
2014/4/10 10:29,-2
2014/4/10 10:29,-2
2014/4/10 10:29,-2
2014/4/10 10:29,-2
2014/4/10 10:29,-1
2014/4/10 10:29,-2
2014/4/10 10:29,-1
2014/4/10 10:29,-1
2014/4/10 10:29,-2
2014/4/10 10:29,-2
2014/4/10 10:29,-2
2014/4/10 10:29,-2
2014/4/10 10:29,-2
2014/4/10 10:29,-1
2014/4/10 10:29,-1
2014/4/10 10:29,-2
2014/4/10 10:29,-2
2014/4/10 10:29,-2
2014/4/10 10:29,-1
2014/4/10 10:29,-2
2014/4/10 10:29,-2
2014/4/10 10:29,-1
2014/4/10 10:29,-2
2014/4/10 10:29,-2
2014/4/10 10:30,-2
2014/4/10 10:30,-2
2014/4/10 10:30,-1
2014/4/10 10:30,-2
2014/4/10 10:30,-2
2014/4/10 10:30,-1
2014/4/10 10:30,-1
2014/4/10 10:30,-1
2014/4/10 10:30,-2
2014/4/10 10:30,-2
2014/4/10 10:30,-2
2014/4/10 10:30,-2
2014/4/10 10:30,-1
2014/4/10 10:30,159.64
2014/4/10 10:30,-1
2014/4/10 10:30,-2
2014/4/10 10:30,-2
2014/4/10 10:30,-2
2014/4/10 10:30,-2
2014/4/10 10:30,-2
2014/4/10 10:30,-1
2014/4/10 10:30,-2
2014/4/10 10:30,-2
2014/4/10 10:30,0
2014/4/10 10:30,0
2014/4/10 10:30,0
2014/4/10 10:30,0
2014/4/10 10:30,0
2014/4/10 10:30,0
2014/4/10 10:30,0
2014/4/10 10:30,0
2014/4/10 10:30,0
2014/4/10 10:30,0
2014/4/10 10:30,0
2014/4/10 10:30,-2
2014/4/10 10:30,147.01
2014/4/10 10:30,147.01
2014/4/10 10:30,-1
2014/4/10 10:30,-1
2014/4/10 10:30,-2
2014/4/10 10:30,-1
2014/4/10 10:30,142.67
2014/4/10 10:30,-2
2014/4/10 10:30,-1
2014/4/10 10:30,-2
2014/4/10 10:30,-1
2014/4/10 10:30,-1
2014/4/10 10:30,-1
2014/4/10 10:30,-2
2014/4/10 10:30,-1
2014/4/10 10:30,147.75
2014/4/10 10:30,-2
2014/4/10 10:30,-2
2014/4/10 10:30,-1
2014/4/10 10:30,141.1
2014/4/10 10:30,142.37
2014/4/10 10:30,141.55
2014/4/10 10:30,141.55
2014/4/10 10:30,-2
2014/4/10 10:30,-1
2014/4/10 10:31,-1
2014/4/10 10:31,-2
2014/4/10 10:31,-1
2014/4/10 10:31,0
2014/4/10 10:31,-1
2014/4/10 10:31,-2
2014/4/10 10:31,-1
2014/4/10 10:31,144.46
2014/4/10 10:31,-2
2014/4/10 10:31,-1
2014/4/10 10:31,-1
2014/4/10 10:31,-1
2014/4/10 10:31,137.91
2014/4/10 10:31,-2
2014/4/10 10:31,-1
2014/4/10 10:31,-1
2014/4/10 10:31,139.4
2014/4/10 10:31,-2
2014/4/10 10:31,-1
2014/4/10 10:31,149.32
2014/4/10 10:31,-2
2014/4/10 10:31,-1
2014/4/10 10:31,-2
2014/4/10 10:31,-2
2014/4/10 10:31,-1
2014/4/10 10:31,-1
2014/4/10 10:31,-1
2014/4/10 10:31,-2
2014/4/10 10:31,-2
2014/4/10 10:31,-2
2014/4/10 10:31,-1
2014/4/10 10:31,144.66
2014/4/10 10:31,-2
2014/4/10 10:31,-1
2014/4/10 10:31,148.24
2014/4/10 10:31,-1
2014/4/10 10:31,-1
2014/4/10 10:31,-2
2014/4/10 10:31,-1
2014/4/10 10:31,-2
2014/4/10 10:31,-1
2014/4/10 10:31,-1
2014/4/10 10:31,149.92
2014/4/10 10:31,-1
2014/4/10 10:31,-2
2014/4/10 10:31,-2
2014/4/10 10:31,-2
2014/4/10 10:31,-1
2014/4/10 10:31,-2
2014/4/10 10:31,-2
2014/4/10 10:31,-2
2014/4/10 10:31,-1
2014/4/10 10:31,146.09
2014/4/10 10:31,-1
2014/4/10 10:31,-1
2014/4/10 10:31,-2
2014/4/10 10:31,-2
2014/4/10 10:31,-2
2014/4/10 10:31,-1
2014/4/10 10:31,-2
2014/4/10 10:32,-1
2014/4/10 10:32,-1
2014/4/10 10:32,-1
2014/4/10 10:32,-2
2014/4/10 10:32,-1
2014/4/10 10:32,-2
2014/4/10 10:32,-2
2014/4/10 10:32,-1
2014/4/10 10:32,144.61
2014/4/10 10:32,145.7
2014/4/10 10:32,-2
2014/4/10 10:32,-1
2014/4/10 10:32,-1
2014/4/10 10:32,-2
2014/4/10 10:32,144.28
2014/4/10 10:32,-2
2014/4/10 10:32,-1
2014/4/10 10:32,-1
2014/4/10 10:32,142.81
2014/4/10 10:32,142.81
2014/4/10 10:32,-1
2014/4/10 10:32,-2
2014/4/10 10:32,-2
2014/4/10 10:32,-1
2014/4/10 10:32,141.19
2014/4/10 10:32,-2
2014/4/10 10:32,-1
2014/4/10 10:32,153.96
2014/4/10 10:32,-1
2014/4/10 10:32,-1
2014/4/10 10:32,-2
2014/4/10 10:32,-1
2014/4/10 10:32,-2
2014/4/10 10:32,-2
2014/4/10 10:32,-1
2014/4/10 10:32,143.59
2014/4/10 10:32,143.59
2014/4/10 10:32,-1
2014/4/10 10:32,-1
2014/4/10 10:32,-2
2014/4/10 10:32,-1
2014/4/10 10:32,-2
2014/4/10 10:32,-2
2014/4/10 10:32,-1
2014/4/10 10:32,-2
2014/4/10 10:32,-2
2014/4/10 10:32,-2
2014/4/10 10:32,-1
2014/4/10 10:32,151.15
2014/4/10 10:32,151.15
2014/4/10 10:32,-1
2014/4/10 10:32,-2
2014/4/10 10:32,-1
2014/4/10 10:32,-1
2014/4/10 10:32,-2
2014/4/10 10:32,-1
2014/4/10 10:32,-2
2014/4/10 10:32,-1
2014/4/10 10:32,145.39
2014/4/10 10:32,-2
2014/4/10 10:33,-1
2014/4/10 10:33,-1
2014/4/10 10:33,-2
2014/4/10 10:33,-1
2014/4/10 10:33,139.25
2014/4/10 10:33,-1
2014/4/10 10:33,-1
2014/4/10 10:33,-2
2014/4/10 10:33,-1
2014/4/10 10:33,144
2014/4/10 10:33,144
2014/4/10 10:33,-1
2014/4/10 10:33,-1
2014/4/10 10:33,-2
2014/4/10 10:33,-1
2014/4/10 10:33,148.89
2014/4/10 10:33,-2
2014/4/10 10:33,-1
2014/4/10 10:33,139.9
2014/4/10 10:33,-1
2014/4/10 10:33,144.15
2014/4/10 10:33,-1
2014/4/10 10:33,-1
2014/4/10 10:33,140.03
2014/4/10 10:33,-2
2014/4/10 10:33,-1
2014/4/10 10:33,-2
2014/4/10 10:33,-1
2014/4/10 10:33,-2
2014/4/10 10:33,-2
2014/4/10 10:33,-1
2014/4/10 10:33,-2
2014/4/10 10:33,-1
2014/4/10 10:33,-1
2014/4/10 10:33,-2
2014/4/10 10:33,-1
2014/4/10 10:33,-2
2014/4/10 10:33,-1
2014/4/10 10:33,140.68
2014/4/10 10:33,-1
2014/4/10 10:33,129.93
2014/4/10 10:33,-1
2014/4/10 10:33,-1
2014/4/10 10:33,139.29
2014/4/10 10:33,143.09
2014/4/10 10:33,143.09
2014/4/10 10:33,150.46
2014/4/10 10:33,-2
2014/4/10 10:33,-1
2014/4/10 10:33,151.59
2014/4/10 10:33,-2
2014/4/10 10:33,-1
2014/4/10 10:33,-1
2014/4/10 10:33,147.14
2014/4/10 10:33,-1
2014/4/10 10:33,-1
2014/4/10 10:33,-2
2014/4/10 10:33,145.03
2014/4/10 10:33,-2
2014/4/10 10:33,-1
2014/4/10 10:34,144.48
2014/4/10 10:34,-1
2014/4/10 10:34,-1
2014/4/10 10:34,146
2014/4/10 10:34,-1
2014/4/10 10:34,-2
2014/4/10 10:34,-2
2014/4/10 10:34,-2
2014/4/10 10:34,-1
2014/4/10 10:34,136.51
2014/4/10 10:34,-1
2014/4/10 10:34,146.29
2014/4/10 10:34,-1
2014/4/10 10:34,-1
2014/4/10 10:34,144.32
2014/4/10 10:34,-2
2014/4/10 10:34,-2
2014/4/10 10:34,-1
2014/4/10 10:34,-1
2014/4/10 10:34,147.74
2014/4/10 10:34,-1
2014/4/10 10:34,153.4
2014/4/10 10:34,-1
2014/4/10 10:34,-2
2014/4/10 10:34,-2
2014/4/10 10:34,-2
2014/4/10 10:34,-1
2014/4/10 10:34,147.69
2014/4/10 10:34,-1
2014/4/10 10:34,-1
2014/4/10 10:34,143.81
2014/4/10 10:34,-2
2014/4/10 10:34,-2
2014/4/10 10:34,-1
2014/4/10 10:34,146.59
2014/4/10 10:34,146.59
2014/4/10 10:34,-1
2014/4/10 10:34,147.73
2014/4/10 10:34,138.87
2014/4/10 10:34,-1
2014/4/10 10:34,-1
2014/4/10 10:34,-2
2014/4/10 10:34,-1
2014/4/10 10:34,-2
2014/4/10 10:34,-1
2014/4/10 10:34,-1
2014/4/10 10:34,-2
2014/4/10 10:34,-1
2014/4/10 10:34,-2
2014/4/10 10:34,-2
2014/4/10 10:34,-2
2014/4/10 10:34,-1
2014/4/10 10:34,-1
2014/4/10 10:34,151.47
2014/4/10 10:34,-1
2014/4/10 10:34,143.7
2014/4/10 10:34,-2
2014/4/10 10:34,-1
2014/4/10 10:34,-2
2014/4/10 10:34,-1
2014/4/10 10:35,146.69
2014/4/10 10:35,-2
2014/4/10 10:35,-1
2014/4/10 10:35,0
2014/4/10 10:35,-1
2014/4/10 10:35,-1
2014/4/10 10:35,-1
2014/4/10 10:35,147.75
2014/4/10 10:35,-2
2014/4/10 10:35,-2
2014/4/10 10:35,-2
2014/4/10 10:35,-2
2014/4/10 10:35,-1
2014/4/10 10:35,-2
2014/4/10 10:35,-1
2014/4/10 10:35,143.49
2014/4/10 10:35,-1
2014/4/10 10:35,-1
2014/4/10 10:35,-2
2014/4/10 10:35,-1
2014/4/10 10:35,-2
2014/4/10 10:35,-1
2014/4/10 10:35,148.96
2014/4/10 10:35,148.62
2014/4/10 10:35,-1
2014/4/10 10:35,-1
2014/4/10 10:35,-2
2014/4/10 10:35,-2
2014/4/10 10:35,-1
2014/4/10 10:35,-1
2014/4/10 10:35,-2
2014/4/10 10:35,-1
2014/4/10 10:35,-2
2014/4/10 10:35,-2
2014/4/10 10:35,-1
2014/4/10 10:35,0
2014/4/10 10:35,0
2014/4/10 10:35,0
2014/4/10 10:35,0
2014/4/10 10:35,0
2014/4/10 10:35,0
2014/4/10 10:35,0
2014/4/10 10:35,0
2014/4/10 10:35,0
2014/4/10 10:35,0
2014/4/10 10:35,0
2014/4/10 10:35,121.64
2014/4/10 10:35,121.64
2014/4/10 10:35,123.1
2014/4/10 10:35,122.3
2014/4/10 10:35,123.01
2014/4/10 10:35,122.04
2014/4/10 10:35,122.07
2014/4/10 10:35,122.98
2014/4/10 10:35,122.19
2014/4/10 10:35,121.42
2014/4/10 10:35,122.77
2014/4/10 10:35,122.77
2014/4/10 10:35,122.23
2014/4/10 10:35,121.69
2014/4/10 10:36,122.74
2014/4/10 10:36,122.5
2014/4/10 10:36,121.48
2014/4/10 10:36,123.63
2014/4/10 10:36,125.2
2014/4/10 10:36,121.73
2014/4/10 10:36,124.98
2014/4/10 10:36,122.24
2014/4/10 10:36,122.15
2014/4/10 10:36,121.65
2014/4/10 10:36,121.39
2014/4/10 10:36,121.44
2014/4/10 10:36,121.69
2014/4/10 10:36,120.65
2014/4/10 10:36,120.65
2014/4/10 10:36,0
2014/4/10 10:36,120.65
2014/4/10 10:36,120.95
2014/4/10 10:36,121.91
2014/4/10 10:36,121.17
2014/4/10 10:36,121.71
2014/4/10 10:36,121.42
2014/4/10 10:36,122.48
2014/4/10 10:36,121.51
2014/4/10 10:36,123.67
2014/4/10 10:36,121.22
2014/4/10 10:36,121.22
2014/4/10 10:36,123.26
2014/4/10 10:36,121.11
2014/4/10 10:36,121.2
2014/4/10 10:36,121.8
2014/4/10 10:36,121.45
2014/4/10 10:36,120.93
2014/4/10 10:36,121.54
2014/4/10 10:36,121.64
2014/4/10 10:36,124.05
2014/4/10 10:36,122.77
2014/4/10 10:36,121.37
2014/4/10 10:36,121.85
2014/4/10 10:36,121.91
2014/4/10 10:36,121.17
2014/4/10 10:36,121.03
2014/4/10 10:36,121.34
2014/4/10 10:36,120.13
2014/4/10 10:36,120.13
2014/4/10 10:36,123.73
2014/4/10 10:36,121.25
2014/4/10 10:36,146.17
2014/4/10 10:36,120.57
2014/4/10 10:36,122.17
2014/4/10 10:36,121.95
2014/4/10 10:36,122.39
2014/4/10 10:36,122.16
2014/4/10 10:36,122.84
2014/4/10 10:36,121.94
2014/4/10 10:36,122.2
2014/4/10 10:36,121.95
2014/4/10 10:36,122.15
2014/4/10 10:36,122.34
2014/4/10 10:36,126.36
2014/4/10 10:37,126.36
2014/4/10 10:37,122.46
2014/4/10 10:37,122.23
2014/4/10 10:37,122.34
2014/4/10 10:37,133.06
2014/4/10 10:37,125.03
2014/4/10 10:37,122.45
2014/4/10 10:37,122.69
2014/4/10 10:37,122.23
2014/4/10 10:37,122.16
2014/4/10 10:37,122.16
2014/4/10 10:37,121.98
2014/4/10 10:37,122.51
2014/4/10 10:37,121.44
2014/4/10 10:37,122.07
2014/4/10 10:37,122.57
2014/4/10 10:37,122.1
2014/4/10 10:37,122.1
2014/4/10 10:37,123.02
2014/4/10 10:37,122.63
2014/4/10 10:37,122.14
2014/4/10 10:37,122.69
2014/4/10 10:37,122.45
2014/4/10 10:37,122.03
2014/4/10 10:37,122.62
2014/4/10 10:37,124.74
2014/4/10 10:37,121.36
2014/4/10 10:37,124
2014/4/10 10:37,121.82
2014/4/10 10:37,121.97
2014/4/10 10:37,121.76
2014/4/10 10:37,121.69
2014/4/10 10:37,122.13
2014/4/10 10:37,121.97
2014/4/10 10:37,121.97
2014/4/10 10:37,122.22
2014/4/10 10:37,121.28
2014/4/10 10:37,121.28
2014/4/10 10:37,121.11
2014/4/10 10:37,121.41
2014/4/10 10:37,122.62
2014/4/10 10:37,120.73
2014/4/10 10:37,120.77
2014/4/10 10:37,121.02
2014/4/10 10:37,123.93
2014/4/10 10:37,121.59
2014/4/10 10:37,121.61
2014/4/10 10:37,121.09
2014/4/10 10:37,121.83
2014/4/10 10:37,120.78
2014/4/10 10:37,121.21
2014/4/10 10:37,121.21
2014/4/10 10:37,121.63
2014/4/10 10:37,121.36
2014/4/10 10:37,121.36
2014/4/10 10:37,121.6
2014/4/10 10:37,121.68
2014/4/10 10:37,121.56
2014/4/10 10:37,122.11
2014/4/10 10:37,122.01
2014/4/10 10:38,122.69
2014/4/10 10:38,121.79
2014/4/10 10:38,121.75
2014/4/10 10:38,132.6
2014/4/10 10:38,124.38
2014/4/10 10:38,121.46
2014/4/10 10:38,127.91
2014/4/10 10:38,122.82
2014/4/10 10:38,121.78
2014/4/10 10:38,121.78
2014/4/10 10:38,121.72
2014/4/10 10:38,121.72
2014/4/10 10:38,120.89
2014/4/10 10:38,121.64
2014/4/10 10:38,120.59
2014/4/10 10:38,121.47
2014/4/10 10:38,121.44
2014/4/10 10:38,121.44
2014/4/10 10:38,122.08
2014/4/10 10:38,121.21
2014/4/10 10:38,122.05
2014/4/10 10:38,122.3
2014/4/10 10:38,121.96
2014/4/10 10:38,122.3
2014/4/10 10:38,124.75
2014/4/10 10:38,122.06
2014/4/10 10:38,122.06
2014/4/10 10:38,124.59
2014/4/10 10:38,124.59
2014/4/10 10:38,121.65
2014/4/10 10:38,122.15
2014/4/10 10:38,121.99
2014/4/10 10:38,121.21
2014/4/10 10:38,121.66
2014/4/10 10:38,122.74
2014/4/10 10:38,121.86
2014/4/10 10:38,121.32
2014/4/10 10:38,121.5
2014/4/10 10:38,121.73
2014/4/10 10:38,121.86
2014/4/10 10:38,121.09
2014/4/10 10:38,121.02
2014/4/10 10:38,122.04
2014/4/10 10:38,122.04
2014/4/10 10:38,124.27
2014/4/10 10:38,124.27
2014/4/10 10:38,121.72
2014/4/10 10:38,121.42
2014/4/10 10:38,121.46
2014/4/10 10:38,122.51
2014/4/10 10:38,121.4
2014/4/10 10:38,121.38
2014/4/10 10:38,121.04
2014/4/10 10:38,121.04
2014/4/10 10:38,121.44
2014/4/10 10:38,121.14
2014/4/10 10:38,121.23
2014/4/10 10:38,121.41
2014/4/10 10:38,121.01
2014/4/10 10:38,120.94
2014/4/10 10:39,120.94
2014/4/10 10:39,120.58
2014/4/10 10:39,120.58
2014/4/10 10:39,120.45
2014/4/10 10:39,132.26
2014/4/10 10:39,127.56
2014/4/10 10:39,122.07
2014/4/10 10:39,120.38
2014/4/10 10:39,121.03
2014/4/10 10:39,121.05
2014/4/10 10:39,121.05
2014/4/10 10:39,121.45
2014/4/10 10:39,121.41
2014/4/10 10:39,120.93
2014/4/10 10:39,120.64
2014/4/10 10:39,120.97
2014/4/10 10:39,120.77
2014/4/10 10:39,120.77
2014/4/10 10:39,121.42
2014/4/10 10:39,121.42
2014/4/10 10:39,121.61
2014/4/10 10:39,120.82
2014/4/10 10:39,121.52
2014/4/10 10:39,121.46
2014/4/10 10:39,122.3
2014/4/10 10:39,124.52
2014/4/10 10:39,123.16
2014/4/10 10:39,123.41
2014/4/10 10:39,121.09
2014/4/10 10:39,120.61
2014/4/10 10:39,121.28
2014/4/10 10:39,121.28
2014/4/10 10:39,121.5
2014/4/10 10:39,121.38
2014/4/10 10:39,121.38
2014/4/10 10:39,121.61
2014/4/10 10:39,121.61
2014/4/10 10:39,121.28
2014/4/10 10:39,122.41
2014/4/10 10:39,123.54
2014/4/10 10:39,122.08
2014/4/10 10:39,121.41
2014/4/10 10:39,120.63
2014/4/10 10:39,121.15
2014/4/10 10:39,124.67
2014/4/10 10:39,121.3
2014/4/10 10:39,121.58
2014/4/10 10:39,120.74
2014/4/10 10:39,122.36
2014/4/10 10:39,121.81
2014/4/10 10:39,121.61
2014/4/10 10:39,121.61
2014/4/10 10:39,121.89
2014/4/10 10:39,121.89
2014/4/10 10:39,122.65
2014/4/10 10:39,122.05
2014/4/10 10:39,121.05
2014/4/10 10:39,122.02
2014/4/10 10:39,121.05
2014/4/10 10:39,120.87
2014/4/10 10:40,125.47
2014/4/10 10:40,121.18
2014/4/10 10:40,121.22
2014/4/10 10:40,121.42
2014/4/10 10:40,131.28
2014/4/10 10:40,132.07
2014/4/10 10:40,126.07
2014/4/10 10:40,121.38
2014/4/10 10:40,121.97
2014/4/10 10:40,122.24
2014/4/10 10:40,122.24
2014/4/10 10:40,121.55
2014/4/10 10:40,122.45
2014/4/10 10:40,121.73
2014/4/10 10:40,121.3
2014/4/10 10:40,0
2014/4/10 10:40,121.3
2014/4/10 10:40,122.23
2014/4/10 10:40,122.23
2014/4/10 10:40,122.2
2014/4/10 10:40,121.96
2014/4/10 10:40,121.27
2014/4/10 10:40,121.27
2014/4/10 10:40,121.12
2014/4/10 10:40,123.98
2014/4/10 10:40,123.98
2014/4/10 10:40,120.47
2014/4/10 10:40,120.47
2014/4/10 10:40,123.44
2014/4/10 10:40,123.44
2014/4/10 10:40,120.52
2014/4/10 10:40,120.52
2014/4/10 10:40,120.81
2014/4/10 10:40,120.81
2014/4/10 10:40,121.15
2014/4/10 10:40,120.86
2014/4/10 10:40,121.47
2014/4/10 10:40,120.54
2014/4/10 10:40,120.73
2014/4/10 10:40,121.6
2014/4/10 10:40,121.03
2014/4/10 10:40,120.39
2014/4/10 10:40,121.33
2014/4/10 10:40,120.7
2014/4/10 10:40,120.7
2014/4/10 10:40,0
2014/4/10 10:40,0
2014/4/10 10:40,0
2014/4/10 10:40,0
2014/4/10 10:40,0
2014/4/10 10:40,0
2014/4/10 10:40,0
2014/4/10 10:40,0
2014/4/10 10:40,0
